Date,Average of tempC
2009-01-01 00:00:00,25.41666667
2009-02-01 00:00:00,25.54166667
2009-03-01 00:00:00,25.58333333
2009-04-01 00:00:00,25.79166667
2009-05-01 00:00:00,25.0
2009-06-01 00:00:00,24.45833333
2009-07-01 00:00:00,24.875
2009-08-01 00:00:00,25.5
2009-09-01 00:00:00,25.45833333
2009-10-01 00:00:00,25.91666667
2009-11-01 00:00:00,26.58333333
2009-12-01 00:00:00,26.5
01/13/09,26.79166667
01/14/09,26.58333333
01/15/09,26.16666667
01/16/09,25.83333333
01/17/09,26.125
01/18/09,26.29166667
01/19/09,26.625
01/20/09,26.70833333
01/21/09,26.79166667
01/22/09,26.66666667
01/23/09,27.33333333
01/24/09,26.83333333
01/25/09,26.79166667
01/26/09,26.04166667
01/27/09,26.41666667
01/28/09,26.54166667
01/29/09,26.58333333
01/30/09,28.0
01/31/09,27.29166667
2009-01-02 00:00:00,26.875
2009-02-02 00:00:00,25.91666667
2009-03-02 00:00:00,25.375
2009-04-02 00:00:00,24.79166667
2009-05-02 00:00:00,24.91666667
2009-06-02 00:00:00,25.375
2009-07-02 00:00:00,26.41666667
2009-08-02 00:00:00,27.29166667
2009-09-02 00:00:00,27.25
2009-10-02 00:00:00,25.83333333
2009-11-02 00:00:00,24.66666667
2009-12-02 00:00:00,24.16666667
02/13/09,23.75
02/14/09,24.625
02/15/09,25.83333333
02/16/09,27.41666667
02/17/09,27.95833333
02/18/09,27.875
02/19/09,27.625
02/20/09,28.41666667
02/21/09,27.95833333
02/22/09,27.45833333
02/23/09,27.58333333
02/24/09,26.58333333
02/25/09,25.625
02/26/09,27.125
02/27/09,28.75
02/28/09,28.25
2009-01-03 00:00:00,28.54166667
2009-02-03 00:00:00,29.20833333
2009-03-03 00:00:00,29.04166667
2009-04-03 00:00:00,28.04166667
2009-05-03 00:00:00,27.08333333
2009-06-03 00:00:00,27.04166667
2009-07-03 00:00:00,27.20833333
2009-08-03 00:00:00,26.70833333
2009-09-03 00:00:00,27.0
2009-10-03 00:00:00,27.66666667
2009-11-03 00:00:00,28.91666667
2009-12-03 00:00:00,29.125
03/13/09,28.54166667
03/14/09,28.08333333
03/15/09,27.70833333
03/16/09,28.5
03/17/09,28.70833333
03/18/09,28.5
03/19/09,27.875
03/20/09,27.0
03/21/09,26.75
03/22/09,27.625
03/23/09,29.08333333
03/24/09,27.70833333
03/25/09,28.45833333
03/26/09,28.25
03/27/09,27.33333333
03/28/09,27.75
03/29/09,28.95833333
03/30/09,29.58333333
03/31/09,29.91666667
2009-01-04 00:00:00,31.04166667
2009-02-04 00:00:00,31.0
2009-03-04 00:00:00,30.70833333
2009-04-04 00:00:00,29.91666667
2009-05-04 00:00:00,30.16666667
2009-06-04 00:00:00,31.04166667
2009-07-04 00:00:00,30.58333333
2009-08-04 00:00:00,28.375
2009-09-04 00:00:00,28.58333333
2009-10-04 00:00:00,30.66666667
2009-11-04 00:00:00,31.08333333
2009-12-04 00:00:00,31.20833333
04/13/09,30.5
04/14/09,29.66666667
04/15/09,29.66666667
04/16/09,29.54166667
04/17/09,29.45833333
04/18/09,29.83333333
04/19/09,29.66666667
04/20/09,28.79166667
04/21/09,28.75
04/22/09,28.625
04/23/09,29.08333333
04/24/09,30.29166667
04/25/09,31.0
04/26/09,31.45833333
04/27/09,30.625
04/28/09,30.29166667
04/29/09,29.58333333
04/30/09,29.25
2009-01-05 00:00:00,29.375
2009-02-05 00:00:00,29.5
2009-03-05 00:00:00,29.66666667
2009-04-05 00:00:00,29.20833333
2009-05-05 00:00:00,28.75
2009-06-05 00:00:00,29.20833333
2009-07-05 00:00:00,30.25
2009-08-05 00:00:00,29.875
2009-09-05 00:00:00,29.91666667
2009-10-05 00:00:00,29.375
2009-11-05 00:00:00,29.33333333
2009-12-05 00:00:00,29.04166667
05/13/09,28.83333333
05/14/09,28.95833333
05/15/09,28.91666667
05/16/09,29.08333333
05/17/09,29.625
05/18/09,30.04166667
05/19/09,30.125
05/20/09,30.0
05/21/09,30.20833333
05/22/09,29.75
05/23/09,29.95833333
05/24/09,29.66666667
05/25/09,29.375
05/26/09,29.45833333
05/27/09,29.29166667
05/28/09,29.29166667
05/29/09,29.41666667
05/30/09,29.58333333
05/31/09,29.83333333
2009-01-06 00:00:00,29.83333333
2009-02-06 00:00:00,29.75
2009-03-06 00:00:00,29.45833333
2009-04-06 00:00:00,29.16666667
2009-05-06 00:00:00,29.0
2009-06-06 00:00:00,29.41666667
2009-07-06 00:00:00,29.41666667
2009-08-06 00:00:00,29.5
2009-09-06 00:00:00,29.41666667
2009-10-06 00:00:00,29.33333333
2009-11-06 00:00:00,29.41666667
2009-12-06 00:00:00,29.66666667
06/13/09,29.75
06/14/09,29.75
06/15/09,29.375
06/16/09,29.58333333
06/17/09,29.75
06/18/09,29.79166667
06/19/09,29.66666667
06/20/09,27.45833333
06/21/09,28.20833333
06/22/09,28.54166667
06/23/09,27.41666667
06/24/09,27.45833333
06/25/09,27.625
06/26/09,27.04166667
06/27/09,26.875
06/28/09,27.0
06/29/09,27.08333333
06/30/09,27.5
2009-01-07 00:00:00,27.41666667
2009-02-07 00:00:00,26.91666667
2009-03-07 00:00:00,27.20833333
2009-04-07 00:00:00,26.95833333
2009-05-07 00:00:00,26.25
2009-06-07 00:00:00,27.33333333
2009-07-07 00:00:00,26.91666667
2009-08-07 00:00:00,26.58333333
2009-09-07 00:00:00,26.0
2009-10-07 00:00:00,26.5
2009-11-07 00:00:00,26.66666667
2009-12-07 00:00:00,26.70833333
07/13/09,26.91666667
07/14/09,26.54166667
07/15/09,26.33333333
07/16/09,26.375
07/17/09,27.20833333
07/18/09,27.125
07/19/09,26.91666667
07/20/09,26.91666667
07/21/09,26.70833333
07/22/09,26.0
07/23/09,26.58333333
07/24/09,26.95833333
07/25/09,26.625
07/26/09,26.29166667
07/27/09,26.33333333
07/28/09,26.70833333
07/29/09,27.04166667
07/30/09,26.83333333
07/31/09,26.54166667
2009-01-08 00:00:00,26.29166667
2009-02-08 00:00:00,26.16666667
2009-03-08 00:00:00,26.33333333
2009-04-08 00:00:00,26.375
2009-05-08 00:00:00,26.75
2009-06-08 00:00:00,26.625
2009-07-08 00:00:00,26.83333333
2009-08-08 00:00:00,26.91666667
2009-09-08 00:00:00,27.16666667
2009-10-08 00:00:00,26.54166667
2009-11-08 00:00:00,26.375
2009-12-08 00:00:00,26.79166667
08/13/09,27.0
08/14/09,27.25
08/15/09,27.04166667
08/16/09,26.83333333
08/17/09,26.91666667
08/18/09,27.375
08/19/09,27.54166667
08/20/09,27.29166667
08/21/09,26.0
08/22/09,26.83333333
08/23/09,27.20833333
08/24/09,27.04166667
08/25/09,26.70833333
08/26/09,26.54166667
08/27/09,26.45833333
08/28/09,26.41666667
08/29/09,26.41666667
08/30/09,26.33333333
08/31/09,26.70833333
2009-01-09 00:00:00,26.375
2009-02-09 00:00:00,26.625
2009-03-09 00:00:00,26.375
2009-04-09 00:00:00,26.0
2009-05-09 00:00:00,26.375
2009-06-09 00:00:00,26.20833333
2009-07-09 00:00:00,26.16666667
2009-08-09 00:00:00,26.75
2009-09-09 00:00:00,26.79166667
2009-10-09 00:00:00,26.375
2009-11-09 00:00:00,26.33333333
2009-12-09 00:00:00,27.08333333
09/13/09,27.66666667
09/14/09,27.58333333
09/15/09,27.5
09/16/09,27.25
09/17/09,27.54166667
09/18/09,28.16666667
09/19/09,28.625
09/20/09,28.91666667
09/21/09,29.16666667
09/22/09,29.33333333
09/23/09,28.58333333
09/24/09,28.16666667
09/25/09,28.08333333
09/26/09,28.25
09/27/09,28.29166667
09/28/09,28.04166667
09/29/09,28.66666667
09/30/09,28.75
2009-01-10 00:00:00,29.75
2009-02-10 00:00:00,29.875
2009-03-10 00:00:00,29.04166667
2009-04-10 00:00:00,28.16666667
2009-05-10 00:00:00,27.79166667
2009-06-10 00:00:00,27.875
2009-07-10 00:00:00,27.375
2009-08-10 00:00:00,26.875
2009-09-10 00:00:00,26.58333333
2009-10-10 00:00:00,26.45833333
2009-11-10 00:00:00,26.83333333
2009-12-10 00:00:00,26.79166667
10/13/09,28.0
10/14/09,26.79166667
10/15/09,28.375
10/16/09,28.54166667
10/17/09,27.33333333
10/18/09,27.70833333
10/19/09,27.875
10/20/09,28.08333333
10/21/09,28.29166667
10/22/09,28.375
10/23/09,27.83333333
10/24/09,26.91666667
10/25/09,26.875
10/26/09,27.0
10/27/09,27.125
10/28/09,27.54166667
10/29/09,28.04166667
10/30/09,28.125
10/31/09,28.29166667
2009-01-11 00:00:00,28.16666667
2009-02-11 00:00:00,28.29166667
2009-03-11 00:00:00,28.16666667
2009-04-11 00:00:00,28.08333333
2009-05-11 00:00:00,28.375
2009-06-11 00:00:00,28.95833333
2009-07-11 00:00:00,29.25
2009-08-11 00:00:00,28.70833333
2009-09-11 00:00:00,27.08333333
2009-10-11 00:00:00,24.0
2009-11-11 00:00:00,23.25
2009-12-11 00:00:00,25.29166667
11/13/09,25.83333333
11/14/09,25.75
11/15/09,25.91666667
11/16/09,26.0
11/17/09,26.125
11/18/09,25.66666667
11/19/09,25.875
11/20/09,25.66666667
11/21/09,25.08333333
11/22/09,25.04166667
11/23/09,25.41666667
11/24/09,25.875
11/25/09,26.41666667
11/26/09,26.58333333
11/27/09,27.0
11/28/09,26.70833333
11/29/09,25.91666667
11/30/09,25.45833333
2009-01-12 00:00:00,25.29166667
2009-02-12 00:00:00,25.75
2009-03-12 00:00:00,25.66666667
2009-04-12 00:00:00,25.91666667
2009-05-12 00:00:00,26.41666667
2009-06-12 00:00:00,26.125
2009-07-12 00:00:00,26.33333333
2009-08-12 00:00:00,26.54166667
2009-09-12 00:00:00,26.625
2009-10-12 00:00:00,26.54166667
2009-11-12 00:00:00,26.625
2009-12-12 00:00:00,26.5
12/13/09,26.45833333
12/14/09,27.0
12/15/09,27.375
12/16/09,27.125
12/17/09,26.5
12/18/09,26.45833333
12/19/09,27.04166667
12/20/09,27.54166667
12/21/09,27.58333333
12/22/09,27.5
12/23/09,26.29166667
12/24/09,25.58333333
12/25/09,24.45833333
12/26/09,23.91666667
12/27/09,23.08333333
12/28/09,23.20833333
12/29/09,23.04166667
12/30/09,24.04166667
12/31/09,24.20833333
2010-01-01 00:00:00,25.625
2010-02-01 00:00:00,26.66666667
2010-03-01 00:00:00,26.08333333
2010-04-01 00:00:00,25.375
2010-05-01 00:00:00,24.91666667
2010-06-01 00:00:00,26.20833333
2010-07-01 00:00:00,25.83333333
2010-08-01 00:00:00,25.20833333
2010-09-01 00:00:00,25.79166667
2010-10-01 00:00:00,26.33333333
2010-11-01 00:00:00,26.625
2010-12-01 00:00:00,25.375
01/13/10,23.79166667
01/14/10,24.54166667
01/15/10,26.625
01/16/10,27.04166667
01/17/10,25.79166667
01/18/10,25.16666667
01/19/10,26.0
01/20/10,25.875
01/21/10,26.04166667
01/22/10,25.20833333
01/23/10,24.66666667
01/24/10,24.625
01/25/10,25.625
01/26/10,25.625
01/27/10,25.75
01/28/10,25.33333333
01/29/10,25.625
01/30/10,26.45833333
01/31/10,26.0
2010-01-02 00:00:00,25.16666667
2010-02-02 00:00:00,25.04166667
2010-03-02 00:00:00,24.29166667
2010-04-02 00:00:00,24.16666667
2010-05-02 00:00:00,25.04166667
2010-06-02 00:00:00,26.5
2010-07-02 00:00:00,26.875
2010-08-02 00:00:00,25.875
2010-09-02 00:00:00,25.375
2010-10-02 00:00:00,24.58333333
2010-11-02 00:00:00,24.20833333
2010-12-02 00:00:00,24.66666667
02/13/10,24.875
02/14/10,25.33333333
02/15/10,26.125
02/16/10,26.75
02/17/10,27.41666667
02/18/10,26.95833333
02/19/10,26.45833333
02/20/10,26.29166667
02/21/10,26.625
02/22/10,26.66666667
02/23/10,25.58333333
02/24/10,23.58333333
02/25/10,23.54166667
02/26/10,25.375
02/27/10,27.04166667
02/28/10,28.16666667
2010-01-03 00:00:00,27.45833333
2010-02-03 00:00:00,27.125
2010-03-03 00:00:00,26.125
2010-04-03 00:00:00,25.58333333
2010-05-03 00:00:00,25.70833333
2010-06-03 00:00:00,25.45833333
2010-07-03 00:00:00,25.20833333
2010-08-03 00:00:00,26.20833333
2010-09-03 00:00:00,28.16666667
2010-10-03 00:00:00,29.29166667
2010-11-03 00:00:00,28.79166667
2010-12-03 00:00:00,29.91666667
03/13/10,29.29166667
03/14/10,27.375
03/15/10,26.125
03/16/10,26.66666667
03/17/10,27.375
03/18/10,28.25
03/19/10,28.66666667
03/20/10,28.875
03/21/10,29.29166667
03/22/10,28.5
03/23/10,27.33333333
03/24/10,27.125
03/25/10,26.83333333
03/26/10,27.41666667
03/27/10,27.66666667
03/28/10,28.16666667
03/29/10,27.70833333
03/30/10,27.20833333
03/31/10,26.70833333
2010-01-04 00:00:00,26.91666667
2010-02-04 00:00:00,27.54166667
2010-03-04 00:00:00,28.79166667
2010-04-04 00:00:00,29.625
2010-05-04 00:00:00,29.95833333
2010-06-04 00:00:00,29.875
2010-07-04 00:00:00,30.375
2010-08-04 00:00:00,31.08333333
2010-09-04 00:00:00,29.41666667
2010-10-04 00:00:00,29.375
2010-11-04 00:00:00,29.625
2010-12-04 00:00:00,29.83333333
04/13/10,28.58333333
04/14/10,28.33333333
04/15/10,29.0
04/16/10,29.66666667
04/17/10,29.33333333
04/18/10,28.91666667
04/19/10,28.41666667
04/20/10,28.75
04/21/10,29.04166667
04/22/10,29.875
04/23/10,31.29166667
04/24/10,30.79166667
04/25/10,29.95833333
04/26/10,30.625
04/27/10,30.79166667
04/28/10,30.20833333
04/29/10,30.54166667
04/30/10,29.33333333
2010-01-05 00:00:00,30.70833333
2010-02-05 00:00:00,30.875
2010-03-05 00:00:00,30.41666667
2010-04-05 00:00:00,30.54166667
2010-05-05 00:00:00,30.33333333
2010-06-05 00:00:00,30.45833333
2010-07-05 00:00:00,31.45833333
2010-08-05 00:00:00,31.5
2010-09-05 00:00:00,31.41666667
2010-10-05 00:00:00,31.29166667
2010-11-05 00:00:00,30.75
2010-12-05 00:00:00,29.95833333
05/13/10,29.66666667
05/14/10,29.83333333
05/15/10,29.75
05/16/10,29.875
05/17/10,30.5
05/18/10,31.66666667
05/19/10,31.125
05/20/10,30.5
05/21/10,30.66666667
05/22/10,30.75
05/23/10,30.33333333
05/24/10,30.25
05/25/10,30.20833333
05/26/10,30.125
05/27/10,30.04166667
05/28/10,29.91666667
05/29/10,29.875
05/30/10,29.875
05/31/10,30.20833333
2010-01-06 00:00:00,30.45833333
2010-02-06 00:00:00,30.16666667
2010-03-06 00:00:00,30.25
2010-04-06 00:00:00,30.5
2010-05-06 00:00:00,29.66666667
2010-06-06 00:00:00,29.04166667
2010-07-06 00:00:00,28.16666667
2010-08-06 00:00:00,28.91666667
2010-09-06 00:00:00,30.08333333
2010-10-06 00:00:00,31.125
2010-11-06 00:00:00,30.66666667
2010-12-06 00:00:00,30.91666667
06/13/10,31.08333333
06/14/10,28.45833333
06/15/10,27.0
06/16/10,27.83333333
06/17/10,28.66666667
06/18/10,29.125
06/19/10,29.125
06/20/10,28.33333333
06/21/10,28.0
06/22/10,28.20833333
06/23/10,27.91666667
06/24/10,27.29166667
06/25/10,27.0
06/26/10,27.83333333
06/27/10,28.16666667
06/28/10,28.0
06/29/10,27.66666667
06/30/10,27.5
2010-01-07 00:00:00,27.20833333
2010-02-07 00:00:00,26.875
2010-03-07 00:00:00,26.08333333
2010-04-07 00:00:00,26.75
2010-05-07 00:00:00,27.25
2010-06-07 00:00:00,27.04166667
2010-07-07 00:00:00,26.66666667
2010-08-07 00:00:00,26.58333333
2010-09-07 00:00:00,26.5
2010-10-07 00:00:00,27.08333333
2010-11-07 00:00:00,27.25
2010-12-07 00:00:00,27.41666667
07/13/10,26.91666667
07/14/10,26.95833333
07/15/10,26.625
07/16/10,27.125
07/17/10,26.5
07/18/10,26.79166667
07/19/10,27.0
07/20/10,26.91666667
07/21/10,27.04166667
07/22/10,26.79166667
07/23/10,26.54166667
07/24/10,26.83333333
07/25/10,26.54166667
07/26/10,26.70833333
07/27/10,26.95833333
07/28/10,26.83333333
07/29/10,27.04166667
07/30/10,27.08333333
07/31/10,26.16666667
2010-01-08 00:00:00,26.08333333
2010-02-08 00:00:00,26.41666667
2010-03-08 00:00:00,26.41666667
2010-04-08 00:00:00,26.66666667
2010-05-08 00:00:00,26.875
2010-06-08 00:00:00,26.625
2010-07-08 00:00:00,25.25
2010-08-08 00:00:00,26.08333333
2010-09-08 00:00:00,26.625
2010-10-08 00:00:00,26.875
2010-11-08 00:00:00,27.0
2010-12-08 00:00:00,27.16666667
08/13/10,26.95833333
08/14/10,26.41666667
08/15/10,26.91666667
08/16/10,26.91666667
08/17/10,26.83333333
08/18/10,26.375
08/19/10,26.58333333
08/20/10,26.79166667
08/21/10,25.66666667
08/22/10,27.0
08/23/10,26.79166667
08/24/10,26.91666667
08/25/10,26.83333333
08/26/10,27.08333333
08/27/10,26.66666667
08/28/10,27.375
08/29/10,26.91666667
08/30/10,26.04166667
08/31/10,26.125
2010-01-09 00:00:00,26.75
2010-02-09 00:00:00,26.79166667
2010-03-09 00:00:00,26.75
2010-04-09 00:00:00,26.66666667
2010-05-09 00:00:00,26.5
2010-06-09 00:00:00,26.45833333
2010-07-09 00:00:00,26.41666667
2010-08-09 00:00:00,25.54166667
2010-09-09 00:00:00,25.875
2010-10-09 00:00:00,26.125
2010-11-09 00:00:00,26.33333333
2010-12-09 00:00:00,26.58333333
09/13/10,26.45833333
09/14/10,26.625
09/15/10,26.79166667
09/16/10,26.79166667
09/17/10,26.66666667
09/18/10,26.66666667
09/19/10,26.66666667
09/20/10,26.58333333
09/21/10,26.5
09/22/10,26.54166667
09/23/10,26.625
09/24/10,27.375
09/25/10,27.58333333
09/26/10,27.875
09/27/10,28.33333333
09/28/10,27.45833333
09/29/10,28.375
09/30/10,28.5
2010-01-10 00:00:00,28.41666667
2010-02-10 00:00:00,28.16666667
2010-03-10 00:00:00,28.66666667
2010-04-10 00:00:00,28.125
2010-05-10 00:00:00,28.29166667
2010-06-10 00:00:00,27.75
2010-07-10 00:00:00,28.41666667
2010-08-10 00:00:00,27.875
2010-09-10 00:00:00,27.375
2010-10-10 00:00:00,27.04166667
2010-11-10 00:00:00,26.33333333
2010-12-10 00:00:00,26.375
10/13/10,26.66666667
10/14/10,26.70833333
10/15/10,26.95833333
10/16/10,27.75
10/17/10,27.875
10/18/10,28.16666667
10/19/10,27.58333333
10/20/10,27.41666667
10/21/10,27.375
10/22/10,27.08333333
10/23/10,27.16666667
10/24/10,26.54166667
10/25/10,26.45833333
10/26/10,26.91666667
10/27/10,26.95833333
10/28/10,27.83333333
10/29/10,27.45833333
10/30/10,27.75
10/31/10,27.25
2010-01-11 00:00:00,26.45833333
2010-02-11 00:00:00,26.58333333
2010-03-11 00:00:00,27.75
2010-04-11 00:00:00,27.79166667
2010-05-11 00:00:00,27.625
2010-06-11 00:00:00,27.41666667
2010-07-11 00:00:00,26.41666667
2010-08-11 00:00:00,26.20833333
2010-09-11 00:00:00,27.04166667
2010-10-11 00:00:00,27.66666667
2010-11-11 00:00:00,27.33333333
2010-12-11 00:00:00,27.0
11/13/10,27.04166667
11/14/10,26.375
11/15/10,27.41666667
11/16/10,27.66666667
11/17/10,27.5
11/18/10,27.5
11/19/10,28.125
11/20/10,27.45833333
11/21/10,27.16666667
11/22/10,26.04166667
11/23/10,26.95833333
11/24/10,26.79166667
11/25/10,26.79166667
11/26/10,27.125
11/27/10,26.875
11/28/10,26.83333333
11/29/10,27.0
11/30/10,27.16666667
2010-01-12 00:00:00,27.25
2010-02-12 00:00:00,27.375
2010-03-12 00:00:00,27.125
2010-04-12 00:00:00,26.91666667
2010-05-12 00:00:00,26.83333333
2010-06-12 00:00:00,25.58333333
2010-07-12 00:00:00,24.41666667
2010-08-12 00:00:00,25.125
2010-09-12 00:00:00,25.04166667
2010-10-12 00:00:00,24.08333333
2010-11-12 00:00:00,22.625
2010-12-12 00:00:00,21.45833333
12/13/10,22.125
12/14/10,23.33333333
12/15/10,24.95833333
12/16/10,24.875
12/17/10,24.08333333
12/18/10,24.25
12/19/10,23.66666667
12/20/10,23.20833333
12/21/10,23.95833333
12/22/10,23.0
12/23/10,22.33333333
12/24/10,22.79166667
12/25/10,23.25
12/26/10,23.29166667
12/27/10,24.16666667
12/28/10,24.70833333
12/29/10,24.79166667
12/30/10,23.95833333
12/31/10,23.16666667
2011-01-01 00:00:00,23.08333333
2011-02-01 00:00:00,24.33333333
2011-03-01 00:00:00,25.20833333
2011-04-01 00:00:00,26.25
2011-05-01 00:00:00,26.20833333
2011-06-01 00:00:00,25.20833333
2011-07-01 00:00:00,23.83333333
2011-08-01 00:00:00,23.08333333
2011-09-01 00:00:00,23.75
2011-10-01 00:00:00,24.20833333
2011-11-01 00:00:00,23.625
2011-12-01 00:00:00,23.33333333
01/13/11,23.54166667
01/14/11,23.54166667
01/15/11,23.54166667
01/16/11,22.54166667
01/17/11,22.91666667
01/18/11,23.45833333
01/19/11,24.04166667
01/20/11,24.75
01/21/11,24.625
01/22/11,24.08333333
01/23/11,24.33333333
01/24/11,24.20833333
01/25/11,24.625
01/26/11,24.83333333
01/27/11,24.16666667
01/28/11,23.70833333
01/29/11,23.79166667
01/30/11,24.08333333
01/31/11,24.25
2011-01-02 00:00:00,25.25
2011-02-02 00:00:00,25.70833333
2011-03-02 00:00:00,26.20833333
2011-04-02 00:00:00,26.33333333
2011-05-02 00:00:00,25.95833333
2011-06-02 00:00:00,24.95833333
2011-07-02 00:00:00,24.875
2011-08-02 00:00:00,24.375
2011-09-02 00:00:00,24.125
2011-10-02 00:00:00,24.5
2011-11-02 00:00:00,25.5
2011-12-02 00:00:00,25.41666667
02/13/11,24.95833333
02/14/11,24.45833333
02/15/11,23.625
02/16/11,23.08333333
02/17/11,23.29166667
02/18/11,23.54166667
02/19/11,24.625
02/20/11,24.54166667
02/21/11,25.125
02/22/11,25.95833333
02/23/11,26.04166667
02/24/11,24.75
02/25/11,24.625
02/26/11,25.54166667
02/27/11,27.0
02/28/11,27.45833333
2011-01-03 00:00:00,27.625
2011-02-03 00:00:00,27.79166667
2011-03-03 00:00:00,27.04166667
2011-04-03 00:00:00,26.70833333
2011-05-03 00:00:00,26.91666667
2011-06-03 00:00:00,26.91666667
2011-07-03 00:00:00,29.625
2011-08-03 00:00:00,29.625
2011-09-03 00:00:00,26.625
2011-10-03 00:00:00,26.08333333
2011-11-03 00:00:00,26.41666667
2011-12-03 00:00:00,27.70833333
03/13/11,27.79166667
03/14/11,27.125
03/15/11,28.75
03/16/11,29.58333333
03/17/11,28.08333333
03/18/11,27.20833333
03/19/11,26.5
03/20/11,26.20833333
03/21/11,25.5
03/22/11,25.33333333
03/23/11,25.79166667
03/24/11,26.16666667
03/25/11,25.95833333
03/26/11,27.41666667
03/27/11,28.75
03/28/11,28.45833333
03/29/11,28.75
03/30/11,28.91666667
03/31/11,28.83333333
2011-01-04 00:00:00,26.54166667
2011-02-04 00:00:00,25.70833333
2011-03-04 00:00:00,25.54166667
2011-04-04 00:00:00,25.75
2011-05-04 00:00:00,27.0
2011-06-04 00:00:00,27.41666667
2011-07-04 00:00:00,27.33333333
2011-08-04 00:00:00,27.5
2011-09-04 00:00:00,27.625
2011-10-04 00:00:00,27.75
2011-11-04 00:00:00,28.0
2011-12-04 00:00:00,28.58333333
04/13/11,28.33333333
04/14/11,28.125
04/15/11,27.54166667
04/16/11,27.79166667
04/17/11,28.33333333
04/18/11,27.91666667
04/19/11,28.25
04/20/11,27.41666667
04/21/11,27.54166667
04/22/11,27.54166667
04/23/11,28.0
04/24/11,28.125
04/25/11,28.625
04/26/11,28.83333333
04/27/11,28.375
04/28/11,29.04166667
04/29/11,29.33333333
04/30/11,30.16666667
2011-01-05 00:00:00,29.625
2011-02-05 00:00:00,28.66666667
2011-03-05 00:00:00,28.29166667
2011-04-05 00:00:00,28.33333333
2011-05-05 00:00:00,28.04166667
2011-06-05 00:00:00,27.66666667
2011-07-05 00:00:00,28.125
2011-08-05 00:00:00,28.95833333
2011-09-05 00:00:00,28.75
2011-10-05 00:00:00,28.625
2011-11-05 00:00:00,28.58333333
2011-12-05 00:00:00,28.25
05/13/11,28.54166667
05/14/11,28.95833333
05/15/11,29.5
05/16/11,29.875
05/17/11,30.08333333
05/18/11,29.95833333
05/19/11,29.58333333
05/20/11,29.625
05/21/11,29.625
05/22/11,29.875
05/23/11,30.25
05/24/11,30.08333333
05/25/11,29.91666667
05/26/11,30.08333333
05/27/11,29.91666667
05/28/11,30.125
05/29/11,29.91666667
05/30/11,29.91666667
05/31/11,30.375
2011-01-06 00:00:00,30.75
2011-02-06 00:00:00,30.58333333
2011-03-06 00:00:00,30.625
2011-04-06 00:00:00,29.45833333
2011-05-06 00:00:00,29.04166667
2011-06-06 00:00:00,29.125
2011-07-06 00:00:00,30.375
2011-08-06 00:00:00,30.375
2011-09-06 00:00:00,28.0
2011-10-06 00:00:00,27.66666667
2011-11-06 00:00:00,27.79166667
2011-12-06 00:00:00,29.16666667
06/13/11,29.16666667
06/14/11,28.5
06/15/11,28.08333333
06/16/11,28.08333333
06/17/11,28.08333333
06/18/11,28.70833333
06/19/11,28.5
06/20/11,28.66666667
06/21/11,28.04166667
06/22/11,28.0
06/23/11,28.29166667
06/24/11,28.375
06/25/11,28.0
06/26/11,27.58333333
06/27/11,27.91666667
06/28/11,27.58333333
06/29/11,27.5
06/30/11,28.20833333
2011-01-07 00:00:00,28.16666667
2011-02-07 00:00:00,28.20833333
2011-03-07 00:00:00,28.0
2011-04-07 00:00:00,28.0
2011-05-07 00:00:00,28.41666667
2011-06-07 00:00:00,28.0
2011-07-07 00:00:00,27.70833333
2011-08-07 00:00:00,27.08333333
2011-09-07 00:00:00,27.0
2011-10-07 00:00:00,27.66666667
2011-11-07 00:00:00,27.0
2011-12-07 00:00:00,27.04166667
07/13/11,26.29166667
07/14/11,26.29166667
07/15/11,27.33333333
07/16/11,27.33333333
07/17/11,27.0
07/18/11,27.0
07/19/11,26.875
07/20/11,27.25
07/21/11,27.375
07/22/11,27.125
07/23/11,27.08333333
07/24/11,27.16666667
07/25/11,27.66666667
07/26/11,27.70833333
07/27/11,27.375
07/28/11,27.41666667
07/29/11,27.29166667
07/30/11,26.95833333
07/31/11,26.125
2011-01-08 00:00:00,26.66666667
2011-02-08 00:00:00,26.41666667
2011-03-08 00:00:00,26.16666667
2011-04-08 00:00:00,26.29166667
2011-05-08 00:00:00,26.58333333
2011-06-08 00:00:00,26.875
2011-07-08 00:00:00,27.25
2011-08-08 00:00:00,27.04166667
2011-09-08 00:00:00,26.875
2011-10-08 00:00:00,26.83333333
2011-11-08 00:00:00,26.83333333
2011-12-08 00:00:00,26.75
08/13/11,26.70833333
08/14/11,26.41666667
08/15/11,26.875
08/16/11,26.79166667
08/17/11,26.91666667
08/18/11,27.0
08/19/11,26.91666667
08/20/11,27.16666667
08/21/11,27.25
08/22/11,27.29166667
08/23/11,26.95833333
08/24/11,25.54166667
08/25/11,25.875
08/26/11,26.16666667
08/27/11,25.5
08/28/11,25.83333333
08/29/11,26.375
08/30/11,26.79166667
08/31/11,27.08333333
2011-01-09 00:00:00,26.875
2011-02-09 00:00:00,26.79166667
2011-03-09 00:00:00,26.45833333
2011-04-09 00:00:00,26.70833333
2011-05-09 00:00:00,26.70833333
2011-06-09 00:00:00,26.41666667
2011-07-09 00:00:00,26.75
2011-08-09 00:00:00,27.0
2011-09-09 00:00:00,27.125
2011-10-09 00:00:00,26.75
2011-11-09 00:00:00,26.41666667
2011-12-09 00:00:00,26.08333333
09/13/11,26.625
09/14/11,26.75
09/15/11,26.70833333
09/16/11,26.79166667
09/17/11,26.58333333
09/18/11,26.5
09/19/11,26.79166667
09/20/11,26.58333333
09/21/11,25.625
09/22/11,26.58333333
09/23/11,26.29166667
09/24/11,26.41666667
09/25/11,26.625
09/26/11,26.45833333
09/27/11,26.41666667
09/28/11,26.83333333
09/29/11,26.95833333
09/30/11,27.04166667
2011-01-10 00:00:00,27.54166667
2011-02-10 00:00:00,26.625
2011-03-10 00:00:00,26.33333333
2011-04-10 00:00:00,26.25
2011-05-10 00:00:00,27.125
2011-06-10 00:00:00,28.125
2011-07-10 00:00:00,28.29166667
2011-08-10 00:00:00,28.33333333
2011-09-10 00:00:00,28.625
2011-10-10 00:00:00,29.125
2011-11-10 00:00:00,29.625
2011-12-10 00:00:00,28.83333333
10/13/11,29.0
10/14/11,29.5
10/15/11,29.08333333
10/16/11,28.625
10/17/11,28.5
10/18/11,29.04166667
10/19/11,28.66666667
10/20/11,28.20833333
10/21/11,27.91666667
10/22/11,28.25
10/23/11,28.29166667
10/24/11,27.83333333
10/25/11,27.54166667
10/26/11,28.08333333
10/27/11,28.29166667
10/28/11,28.875
10/29/11,28.625
10/30/11,28.625
10/31/11,28.75
2011-01-11 00:00:00,28.5
2011-02-11 00:00:00,28.625
2011-03-11 00:00:00,28.625
2011-04-11 00:00:00,28.29166667
2011-05-11 00:00:00,28.375
2011-06-11 00:00:00,28.625
2011-07-11 00:00:00,27.875
2011-08-11 00:00:00,28.20833333
2011-09-11 00:00:00,28.29166667
2011-10-11 00:00:00,27.875
2011-11-11 00:00:00,28.16666667
2011-12-11 00:00:00,27.91666667
11/13/11,28.41666667
11/14/11,28.375
11/15/11,29.08333333
11/16/11,28.125
11/17/11,27.125
11/18/11,27.0
11/19/11,27.5
11/20/11,27.45833333
11/21/11,27.70833333
11/22/11,27.04166667
11/23/11,26.66666667
11/24/11,26.29166667
11/25/11,26.875
11/26/11,27.66666667
11/27/11,29.16666667
11/28/11,29.0
11/29/11,28.91666667
11/30/11,28.20833333
2011-01-12 00:00:00,28.0
2011-02-12 00:00:00,28.20833333
2011-03-12 00:00:00,27.625
2011-04-12 00:00:00,27.625
2011-05-12 00:00:00,27.70833333
2011-06-12 00:00:00,27.20833333
2011-07-12 00:00:00,27.75
2011-08-12 00:00:00,27.16666667
2011-09-12 00:00:00,27.04166667
2011-10-12 00:00:00,27.29166667
2011-11-12 00:00:00,25.91666667
2011-12-12 00:00:00,26.54166667
12/13/11,27.5
12/14/11,27.45833333
12/15/11,26.375
12/16/11,25.79166667
12/17/11,25.75
12/18/11,26.20833333
12/19/11,26.04166667
12/20/11,25.875
12/21/11,25.95833333
12/22/11,25.95833333
12/23/11,25.625
12/24/11,25.70833333
12/25/11,25.45833333
12/26/11,24.45833333
12/27/11,23.04166667
12/28/11,23.83333333
12/29/11,24.625
12/30/11,24.91666667
12/31/11,25.20833333
2012-01-01 00:00:00,25.04166667
2012-02-01 00:00:00,24.66666667
2012-03-01 00:00:00,24.33333333
2012-04-01 00:00:00,24.5
2012-05-01 00:00:00,24.91666667
2012-06-01 00:00:00,24.66666667
2012-07-01 00:00:00,24.45833333
2012-08-01 00:00:00,23.20833333
2012-09-01 00:00:00,24.79166667
2012-10-01 00:00:00,23.54166667
2012-11-01 00:00:00,23.83333333
2012-12-01 00:00:00,24.08333333
01/13/12,24.375
01/14/12,24.04166667
01/15/12,23.91666667
01/16/12,23.91666667
01/17/12,23.25
01/18/12,21.91666667
01/19/12,21.29166667
01/20/12,22.20833333
01/21/12,22.875
01/22/12,23.0
01/23/12,23.16666667
01/24/12,23.95833333
01/25/12,24.125
01/26/12,23.79166667
01/27/12,23.875
01/28/12,23.04166667
01/29/12,21.95833333
01/30/12,23.375
01/31/12,25.04166667
2012-01-02 00:00:00,25.95833333
2012-02-02 00:00:00,26.16666667
2012-03-02 00:00:00,25.83333333
2012-04-02 00:00:00,25.58333333
2012-05-02 00:00:00,25.0
2012-06-02 00:00:00,24.58333333
2012-07-02 00:00:00,23.79166667
2012-08-02 00:00:00,21.66666667
2012-09-02 00:00:00,22.125
2012-10-02 00:00:00,23.875
2012-11-02 00:00:00,24.41666667
2012-12-02 00:00:00,23.91666667
02/13/12,23.95833333
02/14/12,24.54166667
02/15/12,23.91666667
02/16/12,23.16666667
02/17/12,24.5
02/18/12,26.29166667
02/19/12,27.375
02/20/12,27.79166667
02/21/12,27.95833333
02/22/12,27.25
02/23/12,27.16666667
02/24/12,26.66666667
02/25/12,27.08333333
02/26/12,27.70833333
02/27/12,27.41666667
02/28/12,25.33333333
02/29/12,23.91666667
2012-01-03 00:00:00,23.04166667
2012-02-03 00:00:00,22.70833333
2012-03-03 00:00:00,23.66666667
2012-04-03 00:00:00,26.08333333
2012-05-03 00:00:00,27.25
2012-06-03 00:00:00,25.29166667
2012-07-03 00:00:00,24.125
2012-08-03 00:00:00,23.16666667
2012-09-03 00:00:00,24.08333333
2012-10-03 00:00:00,24.875
2012-11-03 00:00:00,25.25
2012-12-03 00:00:00,25.41666667
03/13/12,26.91666667
03/14/12,28.04166667
03/15/12,28.08333333
03/16/12,27.41666667
03/17/12,27.08333333
03/18/12,27.70833333
03/19/12,27.66666667
03/20/12,28.625
03/21/12,28.25
03/22/12,28.41666667
03/23/12,28.75
03/24/12,30.5
03/25/12,30.16666667
03/26/12,29.125
03/27/12,28.29166667
03/28/12,29.58333333
03/29/12,29.79166667
03/30/12,27.45833333
03/31/12,27.45833333
2012-01-04 00:00:00,29.16666667
2012-02-04 00:00:00,30.0
2012-03-04 00:00:00,28.70833333
2012-04-04 00:00:00,27.95833333
2012-05-04 00:00:00,27.20833333
2012-06-04 00:00:00,27.16666667
2012-07-04 00:00:00,27.16666667
2012-08-04 00:00:00,27.95833333
2012-09-04 00:00:00,27.79166667
2012-10-04 00:00:00,27.79166667
2012-11-04 00:00:00,28.08333333
2012-12-04 00:00:00,27.83333333
04/13/12,27.91666667
04/14/12,28.83333333
04/15/12,30.375
04/16/12,30.33333333
04/17/12,29.20833333
04/18/12,29.33333333
04/19/12,29.04166667
04/20/12,30.33333333
04/21/12,30.875
04/22/12,30.125
04/23/12,28.625
04/24/12,28.16666667
04/25/12,29.04166667
04/26/12,30.125
04/27/12,30.625
04/28/12,29.79166667
04/29/12,28.45833333
04/30/12,28.29166667
2012-01-05 00:00:00,28.33333333
2012-02-05 00:00:00,27.875
2012-03-05 00:00:00,28.04166667
2012-04-05 00:00:00,28.0
2012-05-05 00:00:00,28.08333333
2012-06-05 00:00:00,28.04166667
2012-07-05 00:00:00,28.41666667
2012-08-05 00:00:00,28.95833333
2012-09-05 00:00:00,28.91666667
2012-10-05 00:00:00,28.83333333
2012-11-05 00:00:00,29.16666667
2012-12-05 00:00:00,28.625
05/13/12,28.29166667
05/14/12,28.66666667
05/15/12,29.08333333
05/16/12,28.66666667
05/17/12,28.79166667
05/18/12,28.91666667
05/19/12,28.91666667
05/20/12,28.66666667
05/21/12,28.83333333
05/22/12,28.66666667
05/23/12,28.75
05/24/12,28.95833333
05/25/12,28.83333333
05/26/12,28.70833333
05/27/12,28.75
05/28/12,28.83333333
05/29/12,28.79166667
05/30/12,28.70833333
05/31/12,28.625
2012-01-06 00:00:00,28.875
2012-02-06 00:00:00,29.08333333
2012-03-06 00:00:00,29.29166667
2012-04-06 00:00:00,29.45833333
2012-05-06 00:00:00,28.875
2012-06-06 00:00:00,28.625
2012-07-06 00:00:00,29.29166667
2012-08-06 00:00:00,29.625
2012-09-06 00:00:00,29.04166667
2012-10-06 00:00:00,28.83333333
2012-11-06 00:00:00,29.29166667
2012-12-06 00:00:00,29.875
06/13/12,29.66666667
06/14/12,29.75
06/15/12,29.70833333
06/16/12,29.375
06/17/12,28.70833333
06/18/12,28.75
06/19/12,28.625
06/20/12,28.70833333
06/21/12,28.54166667
06/22/12,28.5
06/23/12,28.33333333
06/24/12,28.29166667
06/25/12,28.625
06/26/12,28.45833333
06/27/12,28.33333333
06/28/12,28.25
06/29/12,28.20833333
06/30/12,28.70833333
2012-01-07 00:00:00,28.58333333
2012-02-07 00:00:00,28.25
2012-03-07 00:00:00,27.91666667
2012-04-07 00:00:00,27.125
2012-05-07 00:00:00,28.375
2012-06-07 00:00:00,28.54166667
2012-07-07 00:00:00,28.08333333
2012-08-07 00:00:00,27.83333333
2012-09-07 00:00:00,27.66666667
2012-10-07 00:00:00,27.95833333
2012-11-07 00:00:00,28.45833333
2012-12-07 00:00:00,28.83333333
07/13/12,28.375
07/14/12,28.08333333
07/15/12,27.79166667
07/16/12,28.125
07/17/12,28.25
07/18/12,27.625
07/19/12,27.29166667
07/20/12,28.04166667
07/21/12,28.20833333
07/22/12,27.79166667
07/23/12,27.125
07/24/12,27.16666667
07/25/12,27.41666667
07/26/12,27.0
07/27/12,27.125
07/28/12,26.66666667
07/29/12,26.83333333
07/30/12,26.79166667
07/31/12,26.66666667
2012-01-08 00:00:00,26.66666667
2012-02-08 00:00:00,27.0
2012-03-08 00:00:00,26.79166667
2012-04-08 00:00:00,26.83333333
2012-05-08 00:00:00,27.04166667
2012-06-08 00:00:00,26.58333333
2012-07-08 00:00:00,26.625
2012-08-08 00:00:00,26.79166667
2012-09-08 00:00:00,26.58333333
2012-10-08 00:00:00,26.625
2012-11-08 00:00:00,26.70833333
2012-12-08 00:00:00,26.625
08/13/12,26.625
08/14/12,26.625
08/15/12,26.54166667
08/16/12,26.70833333
08/17/12,26.58333333
08/18/12,26.54166667
08/19/12,26.54166667
08/20/12,26.54166667
08/21/12,26.625
08/22/12,26.54166667
08/23/12,26.79166667
08/24/12,26.79166667
08/25/12,27.0
08/26/12,26.75
08/27/12,26.5
08/28/12,26.75
08/29/12,27.41666667
08/30/12,27.04166667
08/31/12,26.875
2012-01-09 00:00:00,27.29166667
2012-02-09 00:00:00,27.75
2012-03-09 00:00:00,26.79166667
2012-04-09 00:00:00,26.41666667
2012-05-09 00:00:00,26.875
2012-06-09 00:00:00,26.625
2012-07-09 00:00:00,26.83333333
2012-08-09 00:00:00,26.75
2012-09-09 00:00:00,26.79166667
2012-10-09 00:00:00,26.79166667
2012-11-09 00:00:00,25.875
2012-12-09 00:00:00,26.625
09/13/12,26.625
09/14/12,26.5
09/15/12,26.5
09/16/12,26.5
09/17/12,26.45833333
09/18/12,26.25
09/19/12,26.04166667
09/20/12,25.875
09/21/12,25.79166667
09/22/12,25.75
09/23/12,26.08333333
09/24/12,25.625
09/25/12,25.875
09/26/12,26.58333333
09/27/12,27.5
09/28/12,27.875
09/29/12,28.41666667
09/30/12,28.95833333
2012-01-10 00:00:00,29.04166667
2012-02-10 00:00:00,27.66666667
2012-03-10 00:00:00,27.0
2012-04-10 00:00:00,27.16666667
2012-05-10 00:00:00,27.08333333
2012-06-10 00:00:00,27.58333333
2012-07-10 00:00:00,27.125
2012-08-10 00:00:00,28.04166667
2012-09-10 00:00:00,27.875
2012-10-10 00:00:00,28.45833333
2012-11-10 00:00:00,28.33333333
2012-12-10 00:00:00,27.875
10/13/12,27.79166667
10/14/12,28.33333333
10/15/12,28.70833333
10/16/12,28.875
10/17/12,28.95833333
10/18/12,28.91666667
10/19/12,28.70833333
10/20/12,28.25
10/21/12,28.08333333
10/22/12,27.875
10/23/12,28.33333333
10/24/12,28.125
10/25/12,28.625
10/26/12,28.625
10/27/12,28.41666667
10/28/12,28.75
10/29/12,28.45833333
10/30/12,26.83333333
10/31/12,27.0
2012-01-11 00:00:00,27.70833333
2012-02-11 00:00:00,28.625
2012-03-11 00:00:00,28.20833333
2012-04-11 00:00:00,27.875
2012-05-11 00:00:00,27.375
2012-06-11 00:00:00,27.16666667
2012-07-11 00:00:00,27.25
2012-08-11 00:00:00,26.75
2012-09-11 00:00:00,26.16666667
2012-10-11 00:00:00,26.79166667
2012-11-11 00:00:00,27.04166667
2012-12-11 00:00:00,27.29166667
11/13/12,27.625
11/14/12,27.45833333
11/15/12,27.54166667
11/16/12,26.70833333
11/17/12,25.875
11/18/12,25.54166667
11/19/12,25.45833333
11/20/12,25.58333333
11/21/12,26.125
11/22/12,26.75
11/23/12,26.95833333
11/24/12,26.95833333
11/25/12,27.54166667
11/26/12,27.29166667
11/27/12,26.95833333
11/28/12,26.08333333
11/29/12,25.625
11/30/12,25.08333333
2012-01-12 00:00:00,25.08333333
2012-02-12 00:00:00,25.66666667
2012-03-12 00:00:00,26.875
2012-04-12 00:00:00,27.0
2012-05-12 00:00:00,27.95833333
2012-06-12 00:00:00,28.625
2012-07-12 00:00:00,28.08333333
2012-08-12 00:00:00,28.45833333
2012-09-12 00:00:00,27.41666667
2012-10-12 00:00:00,25.79166667
2012-11-12 00:00:00,24.41666667
2012-12-12 00:00:00,24.70833333
12/13/12,24.16666667
12/14/12,23.95833333
12/15/12,25.16666667
12/16/12,26.54166667
12/17/12,27.0
12/18/12,26.83333333
12/19/12,26.16666667
12/20/12,26.33333333
12/21/12,25.95833333
12/22/12,26.125
12/23/12,25.91666667
12/24/12,26.20833333
12/25/12,26.625
12/26/12,25.91666667
12/27/12,25.16666667
12/28/12,24.79166667
12/29/12,24.70833333
12/30/12,25.125
12/31/12,25.91666667
2013-01-01 00:00:00,25.79166667
2013-02-01 00:00:00,25.33333333
2013-03-01 00:00:00,23.95833333
2013-04-01 00:00:00,23.25
2013-05-01 00:00:00,22.875
2013-06-01 00:00:00,22.66666667
2013-07-01 00:00:00,23.16666667
2013-08-01 00:00:00,23.875
2013-09-01 00:00:00,25.25
2013-10-01 00:00:00,25.08333333
2013-11-01 00:00:00,25.91666667
2013-12-01 00:00:00,26.25
01/13/13,26.08333333
01/14/13,25.66666667
01/15/13,25.5
01/16/13,25.29166667
01/17/13,24.375
01/18/13,22.79166667
01/19/13,23.5
01/20/13,24.33333333
01/21/13,24.45833333
01/22/13,24.25
01/23/13,24.0
01/24/13,24.0
01/25/13,24.08333333
01/26/13,24.45833333
01/27/13,25.20833333
01/28/13,24.83333333
01/29/13,24.04166667
01/30/13,23.875
01/31/13,24.83333333
2013-01-02 00:00:00,26.04166667
2013-02-02 00:00:00,26.0
2013-03-02 00:00:00,25.83333333
2013-04-02 00:00:00,24.54166667
2013-05-02 00:00:00,24.16666667
2013-06-02 00:00:00,23.54166667
2013-07-02 00:00:00,23.70833333
2013-08-02 00:00:00,24.75
2013-09-02 00:00:00,26.20833333
2013-10-02 00:00:00,26.58333333
2013-11-02 00:00:00,27.41666667
2013-12-02 00:00:00,28.58333333
02/13/13,28.83333333
02/14/13,28.04166667
02/15/13,26.45833333
02/16/13,24.125
02/17/13,23.45833333
02/18/13,24.83333333
02/19/13,25.75
02/20/13,26.5
02/21/13,26.41666667
02/22/13,25.83333333
02/23/13,25.45833333
02/24/13,26.125
02/25/13,26.29166667
02/26/13,25.70833333
02/27/13,25.33333333
02/28/13,27.41666667
2013-01-03 00:00:00,29.08333333
2013-02-03 00:00:00,29.16666667
2013-03-03 00:00:00,29.16666667
2013-04-03 00:00:00,28.66666667
2013-05-03 00:00:00,29.0
2013-06-03 00:00:00,29.20833333
2013-07-03 00:00:00,29.54166667
2013-08-03 00:00:00,29.16666667
2013-09-03 00:00:00,28.58333333
2013-10-03 00:00:00,27.54166667
2013-11-03 00:00:00,27.20833333
2013-12-03 00:00:00,26.41666667
03/13/13,25.66666667
03/14/13,26.83333333
03/15/13,28.5
03/16/13,27.66666667
03/17/13,27.75
03/18/13,27.91666667
03/19/13,27.29166667
03/20/13,26.95833333
03/21/13,27.16666667
03/22/13,27.04166667
03/23/13,26.95833333
03/24/13,27.29166667
03/25/13,28.79166667
03/26/13,27.5
03/27/13,26.79166667
03/28/13,27.04166667
03/29/13,27.25
03/30/13,27.875
03/31/13,28.20833333
2013-01-04 00:00:00,27.54166667
2013-02-04 00:00:00,26.75
2013-03-04 00:00:00,26.58333333
2013-04-04 00:00:00,27.20833333
2013-05-04 00:00:00,28.25
2013-06-04 00:00:00,27.125
2013-07-04 00:00:00,27.41666667
2013-08-04 00:00:00,28.0
2013-09-04 00:00:00,27.91666667
2013-10-04 00:00:00,28.70833333
2013-11-04 00:00:00,28.41666667
2013-12-04 00:00:00,28.79166667
04/13/13,29.66666667
04/14/13,29.08333333
04/15/13,28.08333333
04/16/13,27.04166667
04/17/13,26.75
04/18/13,26.83333333
04/19/13,27.04166667
04/20/13,27.75
04/21/13,27.83333333
04/22/13,28.29166667
04/23/13,28.66666667
04/24/13,29.70833333
04/25/13,30.95833333
04/26/13,31.58333333
04/27/13,31.58333333
04/28/13,30.91666667
04/29/13,30.83333333
04/30/13,30.83333333
2013-01-05 00:00:00,30.75
2013-02-05 00:00:00,30.20833333
2013-03-05 00:00:00,29.08333333
2013-04-05 00:00:00,29.33333333
2013-05-05 00:00:00,29.33333333
2013-06-05 00:00:00,28.83333333
2013-07-05 00:00:00,28.875
2013-08-05 00:00:00,29.41666667
2013-09-05 00:00:00,28.95833333
2013-10-05 00:00:00,29.0
2013-11-05 00:00:00,29.75
2013-12-05 00:00:00,29.20833333
05/13/13,29.16666667
05/14/13,28.95833333
05/15/13,28.83333333
05/16/13,29.16666667
05/17/13,29.04166667
05/18/13,29.125
05/19/13,29.41666667
05/20/13,30.04166667
05/21/13,29.33333333
05/22/13,29.25
05/23/13,29.54166667
05/24/13,29.875
05/25/13,29.95833333
05/26/13,30.08333333
05/27/13,30.45833333
05/28/13,30.29166667
05/29/13,30.41666667
05/30/13,30.0
05/31/13,30.16666667
2013-01-06 00:00:00,30.04166667
2013-02-06 00:00:00,30.20833333
2013-03-06 00:00:00,29.70833333
2013-04-06 00:00:00,29.66666667
2013-05-06 00:00:00,30.25
2013-06-06 00:00:00,30.375
2013-07-06 00:00:00,29.79166667
2013-08-06 00:00:00,28.75
2013-09-06 00:00:00,27.875
2013-10-06 00:00:00,27.66666667
2013-11-06 00:00:00,28.625
2013-12-06 00:00:00,28.54166667
06/13/13,28.5
06/14/13,27.33333333
06/15/13,27.625
06/16/13,27.625
06/17/13,27.66666667
06/18/13,27.79166667
06/19/13,27.95833333
06/20/13,28.08333333
06/21/13,27.83333333
06/22/13,27.875
06/23/13,27.75
06/24/13,27.91666667
06/25/13,27.25
06/26/13,26.79166667
06/27/13,27.70833333
06/28/13,27.45833333
06/29/13,27.79166667
06/30/13,27.58333333
2013-01-07 00:00:00,27.66666667
2013-02-07 00:00:00,27.625
2013-03-07 00:00:00,27.625
2013-04-07 00:00:00,27.25
2013-05-07 00:00:00,27.54166667
2013-06-07 00:00:00,27.25
2013-07-07 00:00:00,27.375
2013-08-07 00:00:00,27.29166667
2013-09-07 00:00:00,27.375
2013-10-07 00:00:00,26.70833333
2013-11-07 00:00:00,26.41666667
2013-12-07 00:00:00,26.29166667
07/13/13,26.875
07/14/13,27.33333333
07/15/13,27.33333333
07/16/13,26.375
07/17/13,26.33333333
07/18/13,26.95833333
07/19/13,27.20833333
07/20/13,26.5
07/21/13,26.91666667
07/22/13,26.95833333
07/23/13,26.58333333
07/24/13,26.70833333
07/25/13,26.79166667
07/26/13,26.70833333
07/27/13,26.29166667
07/28/13,26.83333333
07/29/13,26.79166667
07/30/13,26.54166667
07/31/13,26.25
2013-01-08 00:00:00,26.25
2013-02-08 00:00:00,26.0
2013-03-08 00:00:00,26.41666667
2013-04-08 00:00:00,26.375
2013-05-08 00:00:00,26.29166667
2013-06-08 00:00:00,26.16666667
2013-07-08 00:00:00,26.16666667
2013-08-08 00:00:00,26.125
2013-09-08 00:00:00,26.04166667
2013-10-08 00:00:00,26.0
2013-11-08 00:00:00,26.25
2013-12-08 00:00:00,26.45833333
08/13/13,26.20833333
08/14/13,26.375
08/15/13,26.70833333
08/16/13,26.58333333
08/17/13,26.70833333
08/18/13,26.66666667
08/19/13,26.66666667
08/20/13,26.58333333
08/21/13,26.33333333
08/22/13,26.25
08/23/13,25.83333333
08/24/13,25.375
08/25/13,25.95833333
08/26/13,26.04166667
08/27/13,26.625
08/28/13,26.70833333
08/29/13,26.79166667
08/30/13,26.95833333
08/31/13,26.79166667
2013-01-09 00:00:00,26.66666667
2013-02-09 00:00:00,26.625
2013-03-09 00:00:00,26.91666667
2013-04-09 00:00:00,26.625
2013-05-09 00:00:00,26.70833333
2013-06-09 00:00:00,27.04166667
2013-07-09 00:00:00,26.875
2013-08-09 00:00:00,26.79166667
2013-09-09 00:00:00,27.08333333
2013-10-09 00:00:00,27.20833333
2013-11-09 00:00:00,27.16666667
2013-12-09 00:00:00,28.5
09/13/13,28.125
09/14/13,28.08333333
09/15/13,26.875
09/16/13,27.33333333
09/17/13,27.54166667
09/18/13,27.25
09/19/13,27.33333333
09/20/13,27.70833333
09/21/13,27.5
09/22/13,26.625
09/23/13,26.25
09/24/13,25.875
09/25/13,26.58333333
09/26/13,26.91666667
09/27/13,26.79166667
09/28/13,26.75
09/29/13,26.625
09/30/13,27.08333333
2013-01-10 00:00:00,26.83333333
2013-02-10 00:00:00,27.16666667
2013-03-10 00:00:00,27.375
2013-04-10 00:00:00,27.375
2013-05-10 00:00:00,27.375
2013-06-10 00:00:00,26.79166667
2013-07-10 00:00:00,26.45833333
2013-08-10 00:00:00,26.625
2013-09-10 00:00:00,26.41666667
2013-10-10 00:00:00,26.5
2013-11-10 00:00:00,26.375
2013-12-10 00:00:00,26.54166667
10/13/13,26.70833333
10/14/13,26.79166667
10/15/13,27.16666667
10/16/13,28.125
10/17/13,28.70833333
10/18/13,28.58333333
10/19/13,28.83333333
10/20/13,29.04166667
10/21/13,28.66666667
10/22/13,28.0
10/23/13,28.58333333
10/24/13,28.25
10/25/13,28.45833333
10/26/13,28.70833333
10/27/13,28.41666667
10/28/13,27.83333333
10/29/13,27.625
10/30/13,28.16666667
10/31/13,28.04166667
2013-01-11 00:00:00,27.54166667
2013-02-11 00:00:00,27.83333333
2013-03-11 00:00:00,28.66666667
2013-04-11 00:00:00,28.875
2013-05-11 00:00:00,28.58333333
2013-06-11 00:00:00,27.79166667
2013-07-11 00:00:00,27.83333333
2013-08-11 00:00:00,27.83333333
2013-09-11 00:00:00,27.91666667
2013-10-11 00:00:00,27.79166667
2013-11-11 00:00:00,27.125
2013-12-11 00:00:00,26.83333333
11/13/13,26.75
11/14/13,26.875
11/15/13,26.66666667
11/16/13,26.0
11/17/13,26.25
11/18/13,27.66666667
11/19/13,28.0
11/20/13,26.625
11/21/13,25.79166667
11/22/13,26.0
11/23/13,26.45833333
11/24/13,27.16666667
11/25/13,27.75
11/26/13,28.08333333
11/27/13,28.45833333
11/28/13,27.625
11/29/13,26.625
11/30/13,28.16666667
2013-01-12 00:00:00,28.29166667
2013-02-12 00:00:00,27.95833333
2013-03-12 00:00:00,27.70833333
2013-04-12 00:00:00,28.0
2013-05-12 00:00:00,27.875
2013-06-12 00:00:00,26.83333333
2013-07-12 00:00:00,25.625
2013-08-12 00:00:00,24.91666667
2013-09-12 00:00:00,25.16666667
2013-10-12 00:00:00,25.25
2013-11-12 00:00:00,25.33333333
2013-12-12 00:00:00,24.875
12/13/13,24.125
12/14/13,24.45833333
12/15/13,25.125
12/16/13,25.25
12/17/13,24.79166667
12/18/13,24.58333333
12/19/13,24.16666667
12/20/13,23.625
12/21/13,23.625
12/22/13,24.375
12/23/13,25.66666667
12/24/13,25.79166667
12/25/13,25.45833333
12/26/13,25.41666667
12/27/13,25.04166667
12/28/13,24.33333333
12/29/13,23.91666667
12/30/13,24.0
12/31/13,24.54166667
2014-01-01 00:00:00,25.125
2014-02-01 00:00:00,25.70833333
2014-03-01 00:00:00,25.625
2014-04-01 00:00:00,25.125
2014-05-01 00:00:00,24.08333333
2014-06-01 00:00:00,23.75
2014-07-01 00:00:00,24.625
2014-08-01 00:00:00,25.04166667
2014-09-01 00:00:00,24.29166667
2014-10-01 00:00:00,22.79166667
2014-11-01 00:00:00,21.54166667
2014-12-01 00:00:00,22.29166667
01/13/14,23.25
01/14/14,24.33333333
01/15/14,24.33333333
01/16/14,23.66666667
01/17/14,22.45833333
01/18/14,22.5
01/19/14,23.54166667
01/20/14,24.41666667
01/21/14,24.58333333
01/22/14,25.04166667
01/23/14,24.95833333
01/24/14,24.66666667
01/25/14,26.08333333
01/26/14,27.125
01/27/14,27.08333333
01/28/14,25.95833333
01/29/14,25.54166667
01/30/14,26.08333333
01/31/14,26.5
2014-01-02 00:00:00,26.79166667
2014-02-02 00:00:00,26.70833333
2014-03-02 00:00:00,26.75
2014-04-02 00:00:00,26.70833333
2014-05-02 00:00:00,26.58333333
2014-06-02 00:00:00,25.70833333
2014-07-02 00:00:00,25.20833333
2014-08-02 00:00:00,24.70833333
2014-09-02 00:00:00,23.33333333
2014-10-02 00:00:00,23.75
2014-11-02 00:00:00,23.33333333
2014-12-02 00:00:00,23.04166667
02/13/14,22.95833333
02/14/14,22.58333333
02/15/14,21.95833333
02/16/14,22.75
02/17/14,24.66666667
02/18/14,26.0
02/19/14,26.5
02/20/14,25.625
02/21/14,24.375
02/22/14,23.66666667
02/23/14,25.16666667
02/24/14,26.41666667
02/25/14,26.70833333
02/26/14,25.75
02/27/14,25.08333333
02/28/14,23.83333333
2014-01-03 00:00:00,23.875
2014-02-03 00:00:00,25.08333333
2014-03-03 00:00:00,26.375
2014-04-03 00:00:00,25.79166667
2014-05-03 00:00:00,25.66666667
2014-06-03 00:00:00,25.08333333
2014-07-03 00:00:00,25.33333333
2014-08-03 00:00:00,25.75
2014-09-03 00:00:00,25.95833333
2014-10-03 00:00:00,25.54166667
2014-11-03 00:00:00,25.70833333
2014-12-03 00:00:00,27.75
03/13/14,28.66666667
03/14/14,29.29166667
03/15/14,29.875
03/16/14,30.41666667
03/17/14,30.375
03/18/14,29.41666667
03/19/14,30.25
03/20/14,30.0
03/21/14,28.04166667
03/22/14,26.375
03/23/14,27.25
03/24/14,28.125
03/25/14,28.625
03/26/14,28.75
03/27/14,29.125
03/28/14,28.58333333
03/29/14,29.45833333
03/30/14,30.25
03/31/14,29.33333333
2014-01-04 00:00:00,28.29166667
2014-02-04 00:00:00,28.41666667
2014-03-04 00:00:00,29.08333333
2014-04-04 00:00:00,30.79166667
2014-05-04 00:00:00,30.16666667
2014-06-04 00:00:00,29.29166667
2014-07-04 00:00:00,29.33333333
2014-08-04 00:00:00,28.54166667
2014-09-04 00:00:00,28.08333333
2014-10-04 00:00:00,27.70833333
2014-11-04 00:00:00,27.91666667
2014-12-04 00:00:00,27.41666667
04/13/14,27.25
04/14/14,27.04166667
04/15/14,27.20833333
04/16/14,28.16666667
04/17/14,27.83333333
04/18/14,28.20833333
04/19/14,28.20833333
04/20/14,29.58333333
04/21/14,31.41666667
04/22/14,32.04166667
04/23/14,32.875
04/24/14,32.20833333
04/25/14,30.91666667
04/26/14,31.04166667
04/27/14,30.625
04/28/14,30.125
04/29/14,30.16666667
04/30/14,30.375
2014-01-05 00:00:00,30.125
2014-02-05 00:00:00,29.75
2014-03-05 00:00:00,30.95833333
2014-04-05 00:00:00,30.5
2014-05-05 00:00:00,30.375
2014-06-05 00:00:00,31.20833333
2014-07-05 00:00:00,32.20833333
2014-08-05 00:00:00,31.20833333
2014-09-05 00:00:00,30.91666667
2014-10-05 00:00:00,29.58333333
2014-11-05 00:00:00,29.08333333
2014-12-05 00:00:00,29.16666667
05/13/14,29.25
05/14/14,29.33333333
05/15/14,29.70833333
05/16/14,29.70833333
05/17/14,29.83333333
05/18/14,30.66666667
05/19/14,31.875
05/20/14,32.54166667
05/21/14,31.29166667
05/22/14,30.04166667
05/23/14,29.91666667
05/24/14,30.29166667
05/25/14,29.95833333
05/26/14,30.16666667
05/27/14,30.25
05/28/14,30.66666667
05/29/14,30.20833333
05/30/14,29.95833333
05/31/14,29.75
2014-01-06 00:00:00,29.83333333
2014-02-06 00:00:00,30.29166667
2014-03-06 00:00:00,30.625
2014-04-06 00:00:00,30.33333333
2014-05-06 00:00:00,30.58333333
2014-06-06 00:00:00,30.45833333
2014-07-06 00:00:00,30.33333333
2014-08-06 00:00:00,30.54166667
2014-09-06 00:00:00,31.0
2014-10-06 00:00:00,31.79166667
2014-11-06 00:00:00,31.25
2014-12-06 00:00:00,30.66666667
06/13/14,30.25
06/14/14,29.91666667
06/15/14,29.625
06/16/14,29.08333333
06/17/14,28.83333333
06/18/14,29.54166667
06/19/14,29.70833333
06/20/14,29.70833333
06/21/14,29.66666667
06/22/14,29.58333333
06/23/14,29.25
06/24/14,29.375
06/25/14,29.20833333
06/26/14,29.54166667
06/27/14,29.41666667
06/28/14,29.66666667
06/29/14,29.58333333
06/30/14,29.45833333
2014-01-07 00:00:00,29.20833333
2014-02-07 00:00:00,28.66666667
2014-03-07 00:00:00,28.45833333
2014-04-07 00:00:00,28.95833333
2014-05-07 00:00:00,29.375
2014-06-07 00:00:00,29.41666667
2014-07-07 00:00:00,29.16666667
2014-08-07 00:00:00,28.875
2014-09-07 00:00:00,27.95833333
2014-10-07 00:00:00,28.08333333
2014-11-07 00:00:00,27.0
2014-12-07 00:00:00,26.79166667
07/13/14,27.875
07/14/14,28.0
07/15/14,27.54166667
07/16/14,27.41666667
07/17/14,28.20833333
07/18/14,28.0
07/19/14,27.54166667
07/20/14,27.75
07/21/14,27.33333333
07/22/14,27.5
07/23/14,27.04166667
07/24/14,27.20833333
07/25/14,27.375
07/26/14,27.41666667
07/27/14,27.5
07/28/14,27.08333333
07/29/14,27.0
07/30/14,27.33333333
07/31/14,26.75
2014-01-08 00:00:00,27.08333333
2014-02-08 00:00:00,27.20833333
2014-03-08 00:00:00,26.91666667
2014-04-08 00:00:00,26.41666667
2014-05-08 00:00:00,26.45833333
2014-06-08 00:00:00,26.54166667
2014-07-08 00:00:00,26.83333333
2014-08-08 00:00:00,26.79166667
2014-09-08 00:00:00,26.75
2014-10-08 00:00:00,27.08333333
2014-11-08 00:00:00,26.79166667
2014-12-08 00:00:00,26.75
08/13/14,26.66666667
08/14/14,26.83333333
08/15/14,26.75
08/16/14,26.66666667
08/17/14,26.58333333
08/18/14,26.75
08/19/14,27.08333333
08/20/14,27.5
08/21/14,27.33333333
08/22/14,26.83333333
08/23/14,27.75
08/24/14,28.625
08/25/14,27.625
08/26/14,26.375
08/27/14,25.66666667
08/28/14,26.58333333
08/29/14,26.83333333
08/30/14,27.375
08/31/14,26.66666667
2014-01-09 00:00:00,26.16666667
2014-02-09 00:00:00,26.5
2014-03-09 00:00:00,26.70833333
2014-04-09 00:00:00,26.75
2014-05-09 00:00:00,25.875
2014-06-09 00:00:00,26.70833333
2014-07-09 00:00:00,26.83333333
2014-08-09 00:00:00,25.5
2014-09-09 00:00:00,25.91666667
2014-10-09 00:00:00,26.33333333
2014-11-09 00:00:00,26.58333333
2014-12-09 00:00:00,26.79166667
09/13/14,27.16666667
09/14/14,26.58333333
09/15/14,26.29166667
09/16/14,26.54166667
09/17/14,26.58333333
09/18/14,26.75
09/19/14,27.16666667
09/20/14,26.83333333
09/21/14,26.83333333
09/22/14,26.875
09/23/14,26.91666667
09/24/14,27.58333333
09/25/14,28.25
09/26/14,28.75
09/27/14,28.91666667
09/28/14,29.375
09/29/14,29.25
09/30/14,29.16666667
2014-01-10 00:00:00,29.16666667
2014-02-10 00:00:00,29.66666667
2014-03-10 00:00:00,29.41666667
2014-04-10 00:00:00,29.5
2014-05-10 00:00:00,29.29166667
2014-06-10 00:00:00,29.41666667
2014-07-10 00:00:00,29.58333333
2014-08-10 00:00:00,29.375
2014-09-10 00:00:00,29.91666667
2014-10-10 00:00:00,29.875
2014-11-10 00:00:00,29.95833333
2014-12-10 00:00:00,28.29166667
10/13/14,28.41666667
10/14/14,27.54166667
10/15/14,28.95833333
10/16/14,29.95833333
10/17/14,30.20833333
10/18/14,29.95833333
10/19/14,29.91666667
10/20/14,30.08333333
10/21/14,30.25
10/22/14,29.91666667
10/23/14,29.41666667
10/24/14,29.125
10/25/14,26.41666667
10/26/14,25.41666667
10/27/14,26.29166667
10/28/14,27.375
10/29/14,27.5
10/30/14,27.375
10/31/14,27.45833333
2014-01-11 00:00:00,28.125
2014-02-11 00:00:00,28.5
2014-03-11 00:00:00,28.70833333
2014-04-11 00:00:00,28.625
2014-05-11 00:00:00,28.29166667
2014-06-11 00:00:00,27.58333333
2014-07-11 00:00:00,27.875
2014-08-11 00:00:00,28.16666667
2014-09-11 00:00:00,28.08333333
2014-10-11 00:00:00,29.16666667
2014-11-11 00:00:00,28.75
2014-12-11 00:00:00,28.91666667
11/13/14,29.58333333
11/14/14,27.95833333
11/15/14,26.33333333
11/16/14,27.79166667
11/17/14,28.5
11/18/14,29.04166667
11/19/14,28.95833333
11/20/14,28.45833333
11/21/14,27.83333333
11/22/14,27.375
11/23/14,28.16666667
11/24/14,28.08333333
11/25/14,27.70833333
11/26/14,27.16666667
11/27/14,26.58333333
11/28/14,26.625
11/29/14,27.04166667
11/30/14,27.04166667
2014-01-12 00:00:00,26.66666667
2014-02-12 00:00:00,27.375
2014-03-12 00:00:00,27.29166667
2014-04-12 00:00:00,27.45833333
2014-05-12 00:00:00,27.04166667
2014-06-12 00:00:00,26.70833333
2014-07-12 00:00:00,26.625
2014-08-12 00:00:00,26.66666667
2014-09-12 00:00:00,27.375
2014-10-12 00:00:00,27.91666667
2014-11-12 00:00:00,27.125
2014-12-12 00:00:00,27.0
12/13/14,25.875
12/14/14,24.79166667
12/15/14,23.70833333
12/16/14,24.75
12/17/14,24.70833333
12/18/14,24.125
12/19/14,24.91666667
12/20/14,25.66666667
12/21/14,25.33333333
12/22/14,24.58333333
12/23/14,24.08333333
12/24/14,24.91666667
12/25/14,25.33333333
12/26/14,25.41666667
12/27/14,24.54166667
12/28/14,24.16666667
12/29/14,24.04166667
12/30/14,23.58333333
12/31/14,23.45833333
2015-01-01 00:00:00,23.33333333
2015-02-01 00:00:00,23.16666667
2015-03-01 00:00:00,23.79166667
2015-04-01 00:00:00,25.5
2015-05-01 00:00:00,25.625
2015-06-01 00:00:00,25.33333333
2015-07-01 00:00:00,24.45833333
2015-08-01 00:00:00,24.66666667
2015-09-01 00:00:00,24.95833333
2015-10-01 00:00:00,24.5
2015-11-01 00:00:00,24.625
2015-12-01 00:00:00,24.25
01/13/15,24.16666667
01/14/15,23.91666667
01/15/15,24.25
01/16/15,24.41666667
01/17/15,24.54166667
01/18/15,24.625
01/19/15,24.33333333
01/20/15,23.625
01/21/15,24.0
01/22/15,23.58333333
01/23/15,24.125
01/24/15,24.625
01/25/15,24.83333333
01/26/15,24.16666667
01/27/15,23.54166667
01/28/15,24.0
01/29/15,24.54166667
01/30/15,25.54166667
01/31/15,25.66666667
2015-01-02 00:00:00,25.25
2015-02-02 00:00:00,24.79166667
2015-03-02 00:00:00,25.875
2015-04-02 00:00:00,26.04166667
2015-05-02 00:00:00,25.875
2015-06-02 00:00:00,25.41666667
2015-07-02 00:00:00,25.04166667
2015-08-02 00:00:00,24.45833333
2015-09-02 00:00:00,24.54166667
2015-10-02 00:00:00,25.41666667
2015-11-02 00:00:00,25.375
2015-12-02 00:00:00,25.66666667
02/13/15,25.875
02/14/15,25.83333333
02/15/15,25.79166667
02/16/15,26.20833333
02/17/15,26.5
02/18/15,25.45833333
02/19/15,25.45833333
02/20/15,26.16666667
02/21/15,27.875
02/22/15,28.375
02/23/15,27.66666667
02/24/15,27.45833333
02/25/15,26.29166667
02/26/15,25.0
02/27/15,24.25
02/28/15,22.91666667
2015-01-03 00:00:00,23.04166667
2015-02-03 00:00:00,23.29166667
2015-03-03 00:00:00,23.125
2015-04-03 00:00:00,23.54166667
2015-05-03 00:00:00,24.875
2015-06-03 00:00:00,27.16666667
2015-07-03 00:00:00,27.125
2015-08-03 00:00:00,26.66666667
2015-09-03 00:00:00,27.5
2015-10-03 00:00:00,26.45833333
2015-11-03 00:00:00,27.29166667
2015-12-03 00:00:00,27.54166667
03/13/15,27.58333333
03/14/15,27.625
03/15/15,27.83333333
03/16/15,28.08333333
03/17/15,28.125
03/18/15,28.08333333
03/19/15,27.91666667
03/20/15,29.83333333
03/21/15,30.08333333
03/22/15,30.29166667
03/23/15,29.625
03/24/15,30.125
03/25/15,31.125
03/26/15,29.20833333
03/27/15,29.5
03/28/15,29.20833333
03/29/15,29.5
03/30/15,30.125
03/31/15,29.41666667
2015-01-04 00:00:00,28.54166667
2015-02-04 00:00:00,28.08333333
2015-03-04 00:00:00,27.79166667
2015-04-04 00:00:00,27.91666667
2015-05-04 00:00:00,27.58333333
2015-06-04 00:00:00,26.95833333
2015-07-04 00:00:00,27.04166667
2015-08-04 00:00:00,27.54166667
2015-09-04 00:00:00,28.04166667
2015-10-04 00:00:00,28.125
2015-11-04 00:00:00,28.16666667
2015-12-04 00:00:00,28.08333333
04/13/15,29.04166667
04/14/15,28.83333333
04/15/15,28.91666667
04/16/15,30.04166667
04/17/15,30.08333333
04/18/15,30.45833333
04/19/15,30.875
04/20/15,30.29166667
04/21/15,30.08333333
04/22/15,29.41666667
04/23/15,29.20833333
04/24/15,29.33333333
04/25/15,28.95833333
04/26/15,29.16666667
04/27/15,29.29166667
04/28/15,29.875
04/29/15,29.41666667
04/30/15,29.29166667
2015-01-05 00:00:00,28.95833333
2015-02-05 00:00:00,29.20833333
2015-03-05 00:00:00,29.54166667
2015-04-05 00:00:00,30.25
2015-05-05 00:00:00,30.79166667
2015-06-05 00:00:00,30.83333333
2015-07-05 00:00:00,30.75
2015-08-05 00:00:00,30.58333333
2015-09-05 00:00:00,31.54166667
2015-10-05 00:00:00,31.45833333
2015-11-05 00:00:00,31.58333333
2015-12-05 00:00:00,31.0
05/13/15,30.25
05/14/15,31.20833333
05/15/15,32.04166667
05/16/15,31.875
05/17/15,31.375
05/18/15,30.75
05/19/15,30.20833333
05/20/15,30.33333333
05/21/15,30.375
05/22/15,30.33333333
05/23/15,30.58333333
05/24/15,30.5
05/25/15,30.375
05/26/15,30.25
05/27/15,30.16666667
05/28/15,30.625
05/29/15,30.33333333
05/30/15,31.08333333
05/31/15,30.83333333
2015-01-06 00:00:00,30.125
2015-02-06 00:00:00,29.75
2015-03-06 00:00:00,30.04166667
2015-04-06 00:00:00,30.58333333
2015-05-06 00:00:00,30.66666667
2015-06-06 00:00:00,31.375
2015-07-06 00:00:00,31.70833333
2015-08-06 00:00:00,31.20833333
2015-09-06 00:00:00,30.33333333
2015-10-06 00:00:00,30.45833333
2015-11-06 00:00:00,30.16666667
2015-12-06 00:00:00,29.375
06/13/15,27.70833333
06/14/15,27.45833333
06/15/15,27.66666667
06/16/15,28.41666667
06/17/15,28.91666667
06/18/15,27.125
06/19/15,26.83333333
06/20/15,27.16666667
06/21/15,27.75
06/22/15,27.75
06/23/15,27.875
06/24/15,27.70833333
06/25/15,27.45833333
06/26/15,27.58333333
06/27/15,27.70833333
06/28/15,27.83333333
06/29/15,27.45833333
06/30/15,27.5
2015-01-07 00:00:00,27.66666667
2015-02-07 00:00:00,27.70833333
2015-03-07 00:00:00,27.70833333
2015-04-07 00:00:00,27.70833333
2015-05-07 00:00:00,27.91666667
2015-06-07 00:00:00,28.375
2015-07-07 00:00:00,28.45833333
2015-08-07 00:00:00,28.0
2015-09-07 00:00:00,27.625
2015-10-07 00:00:00,27.625
2015-11-07 00:00:00,27.66666667
2015-12-07 00:00:00,27.5
07/13/15,27.33333333
07/14/15,27.91666667
07/15/15,28.04166667
07/16/15,28.04166667
07/17/15,28.08333333
07/18/15,28.16666667
07/19/15,27.70833333
07/20/15,27.41666667
07/21/15,26.95833333
07/22/15,27.29166667
07/23/15,27.25
07/24/15,27.54166667
07/25/15,27.375
07/26/15,27.5
07/27/15,27.29166667
07/28/15,27.33333333
07/29/15,27.125
07/30/15,26.75
07/31/15,26.75
2015-01-08 00:00:00,26.83333333
2015-02-08 00:00:00,26.75
2015-03-08 00:00:00,26.83333333
2015-04-08 00:00:00,26.70833333
2015-05-08 00:00:00,26.08333333
2015-06-08 00:00:00,25.66666667
2015-07-08 00:00:00,26.625
2015-08-08 00:00:00,26.83333333
2015-09-08 00:00:00,26.58333333
2015-10-08 00:00:00,26.83333333
2015-11-08 00:00:00,26.91666667
2015-12-08 00:00:00,26.79166667
08/13/15,27.20833333
08/14/15,27.08333333
08/15/15,27.29166667
08/16/15,27.125
08/17/15,27.20833333
08/18/15,27.54166667
08/19/15,27.70833333
08/20/15,27.58333333
08/21/15,27.33333333
08/22/15,27.29166667
08/23/15,26.95833333
08/24/15,26.70833333
08/25/15,26.20833333
08/26/15,26.875
08/27/15,27.125
08/28/15,27.04166667
08/29/15,27.16666667
08/30/15,26.95833333
08/31/15,27.125
2015-01-09 00:00:00,26.70833333
2015-02-09 00:00:00,27.16666667
2015-03-09 00:00:00,26.83333333
2015-04-09 00:00:00,27.45833333
2015-05-09 00:00:00,26.70833333
2015-06-09 00:00:00,26.75
2015-07-09 00:00:00,27.83333333
2015-08-09 00:00:00,27.66666667
2015-09-09 00:00:00,27.45833333
2015-10-09 00:00:00,27.83333333
2015-11-09 00:00:00,28.625
2015-12-09 00:00:00,27.79166667
09/13/15,27.66666667
09/14/15,27.70833333
09/15/15,27.70833333
09/16/15,27.29166667
09/17/15,26.875
09/18/15,26.91666667
09/19/15,27.08333333
09/20/15,27.08333333
09/21/15,26.66666667
09/22/15,26.79166667
09/23/15,26.58333333
09/24/15,26.54166667
09/25/15,26.5
09/26/15,26.5
09/27/15,26.875
09/28/15,28.08333333
09/29/15,28.95833333
09/30/15,29.625
2015-01-10 00:00:00,29.75
2015-02-10 00:00:00,29.20833333
2015-03-10 00:00:00,28.16666667
2015-04-10 00:00:00,28.54166667
2015-05-10 00:00:00,28.91666667
2015-06-10 00:00:00,29.91666667
2015-07-10 00:00:00,29.45833333
2015-08-10 00:00:00,28.79166667
2015-09-10 00:00:00,28.625
2015-10-10 00:00:00,28.58333333
2015-11-10 00:00:00,28.58333333
2015-12-10 00:00:00,28.375
10/13/15,28.95833333
10/14/15,29.79166667
10/15/15,29.91666667
10/16/15,29.79166667
10/17/15,30.04166667
10/18/15,29.79166667
10/19/15,29.91666667
10/20/15,30.0
10/21/15,30.66666667
10/22/15,30.91666667
10/23/15,30.91666667
10/24/15,30.125
10/25/15,29.95833333
10/26/15,29.79166667
10/27/15,29.5
10/28/15,29.33333333
10/29/15,28.75
10/30/15,28.58333333
10/31/15,28.75
2015-01-11 00:00:00,28.625
2015-02-11 00:00:00,28.5
2015-03-11 00:00:00,28.66666667
2015-04-11 00:00:00,29.04166667
2015-05-11 00:00:00,28.91666667
2015-06-11 00:00:00,29.20833333
2015-07-11 00:00:00,29.33333333
2015-08-11 00:00:00,29.20833333
2015-09-11 00:00:00,28.83333333
2015-10-11 00:00:00,28.08333333
2015-11-11 00:00:00,28.29166667
2015-12-11 00:00:00,28.83333333
11/13/15,28.5
11/14/15,28.5
11/15/15,28.5
11/16/15,28.5
11/17/15,28.25
11/18/15,27.91666667
11/19/15,27.125
11/20/15,27.70833333
11/21/15,28.29166667
11/22/15,27.95833333
11/23/15,28.20833333
11/24/15,28.29166667
11/25/15,28.5
11/26/15,28.79166667
11/27/15,28.25
11/28/15,27.75
11/29/15,28.20833333
11/30/15,28.20833333
2015-01-12 00:00:00,28.33333333
2015-02-12 00:00:00,28.625
2015-03-12 00:00:00,28.95833333
2015-04-12 00:00:00,29.375
2015-05-12 00:00:00,27.375
2015-06-12 00:00:00,27.125
2015-07-12 00:00:00,27.08333333
2015-08-12 00:00:00,26.83333333
2015-09-12 00:00:00,26.625
2015-10-12 00:00:00,26.70833333
2015-11-12 00:00:00,26.125
2015-12-12 00:00:00,25.91666667
12/13/15,26.25
12/14/15,27.08333333
12/15/15,27.29166667
12/16/15,26.83333333
12/17/15,26.0
12/18/15,25.83333333
12/19/15,25.5
12/20/15,25.54166667
12/21/15,25.45833333
12/22/15,24.125
12/23/15,23.375
12/24/15,23.66666667
12/25/15,23.91666667
12/26/15,23.70833333
12/27/15,24.75
12/28/15,25.75
12/29/15,24.54166667
12/30/15,27.20833333
12/31/15,27.33333333
2016-01-01 00:00:00,26.95833333
2016-02-01 00:00:00,26.16666667
2016-03-01 00:00:00,25.79166667
2016-04-01 00:00:00,25.16666667
2016-05-01 00:00:00,26.625
2016-06-01 00:00:00,26.0
2016-07-01 00:00:00,26.20833333
2016-08-01 00:00:00,26.0
2016-09-01 00:00:00,25.375
2016-10-01 00:00:00,25.33333333
2016-11-01 00:00:00,25.54166667
2016-12-01 00:00:00,24.66666667
01/13/16,24.25
01/14/16,23.625
01/15/16,23.08333333
01/16/16,23.45833333
01/17/16,23.08333333
01/18/16,22.95833333
01/19/16,22.95833333
01/20/16,22.70833333
01/21/16,23.20833333
01/22/16,23.70833333
01/23/16,24.83333333
01/24/16,25.375
01/25/16,24.58333333
01/26/16,23.91666667
01/27/16,23.58333333
01/28/16,25.125
01/29/16,26.20833333
01/30/16,26.25
01/31/16,25.70833333
2016-01-02 00:00:00,25.83333333
2016-02-02 00:00:00,25.83333333
2016-03-02 00:00:00,25.16666667
2016-04-02 00:00:00,24.79166667
2016-05-02 00:00:00,24.375
2016-06-02 00:00:00,23.33333333
2016-07-02 00:00:00,23.125
2016-08-02 00:00:00,23.79166667
2016-09-02 00:00:00,25.375
2016-10-02 00:00:00,25.58333333
2016-11-02 00:00:00,24.08333333
2016-12-02 00:00:00,22.875
02/13/16,23.0
02/14/16,24.125
02/15/16,24.95833333
02/16/16,25.75
02/17/16,25.29166667
02/18/16,25.625
02/19/16,25.79166667
02/20/16,26.54166667
02/21/16,27.08333333
02/22/16,26.25
02/23/16,26.08333333
02/24/16,25.29166667
02/25/16,25.0
02/26/16,25.79166667
02/27/16,27.70833333
02/28/16,27.375
02/29/16,27.5
2016-01-03 00:00:00,28.16666667
2016-02-03 00:00:00,28.375
2016-03-03 00:00:00,28.95833333
2016-04-03 00:00:00,29.04166667
2016-05-03 00:00:00,28.5
2016-06-03 00:00:00,27.125
2016-07-03 00:00:00,27.41666667
2016-08-03 00:00:00,28.16666667
2016-09-03 00:00:00,28.29166667
2016-10-03 00:00:00,28.70833333
2016-11-03 00:00:00,28.83333333
2016-12-03 00:00:00,27.625
03/13/16,26.20833333
03/14/16,25.66666667
03/15/16,26.41666667
03/16/16,26.95833333
03/17/16,27.20833333
03/18/16,28.08333333
03/19/16,29.04166667
03/20/16,29.45833333
03/21/16,29.20833333
03/22/16,28.66666667
03/23/16,29.91666667
03/24/16,28.875
03/25/16,28.0
03/26/16,28.66666667
03/27/16,30.125
03/28/16,29.66666667
03/29/16,29.04166667
03/30/16,28.75
03/31/16,28.33333333
2016-01-04 00:00:00,27.75
2016-02-04 00:00:00,27.95833333
2016-03-04 00:00:00,28.58333333
2016-04-04 00:00:00,28.70833333
2016-05-04 00:00:00,29.04166667
2016-06-04 00:00:00,28.83333333
2016-07-04 00:00:00,29.20833333
2016-08-04 00:00:00,30.04166667
2016-09-04 00:00:00,29.875
2016-10-04 00:00:00,30.0
2016-11-04 00:00:00,30.25
2016-12-04 00:00:00,30.20833333
04/13/16,29.08333333
04/14/16,28.83333333
04/15/16,28.875
04/16/16,29.125
04/17/16,29.0
04/18/16,29.25
04/19/16,29.08333333
04/20/16,29.08333333
04/21/16,28.91666667
04/22/16,28.20833333
04/23/16,28.25
04/24/16,28.04166667
04/25/16,28.0
04/26/16,29.08333333
04/27/16,31.0
04/28/16,31.0
04/29/16,29.91666667
04/30/16,29.83333333
2016-01-05 00:00:00,29.875
2016-02-05 00:00:00,29.875
2016-03-05 00:00:00,30.04166667
2016-04-05 00:00:00,29.54166667
2016-05-05 00:00:00,29.5
2016-06-05 00:00:00,29.16666667
2016-07-05 00:00:00,29.25
2016-08-05 00:00:00,29.54166667
2016-09-05 00:00:00,29.54166667
2016-10-05 00:00:00,29.95833333
2016-11-05 00:00:00,29.79166667
2016-12-05 00:00:00,30.0
05/13/16,29.875
05/14/16,30.20833333
05/15/16,30.58333333
05/16/16,30.41666667
05/17/16,30.16666667
05/18/16,30.33333333
05/19/16,30.29166667
05/20/16,30.125
05/21/16,30.04166667
05/22/16,30.5
05/23/16,30.45833333
05/24/16,30.5
05/25/16,30.33333333
05/26/16,31.0
05/27/16,29.70833333
05/28/16,29.0
05/29/16,30.75
05/30/16,30.20833333
05/31/16,30.54166667
2016-01-06 00:00:00,30.04166667
2016-02-06 00:00:00,30.29166667
2016-03-06 00:00:00,30.54166667
2016-04-06 00:00:00,30.79166667
2016-05-06 00:00:00,30.54166667
2016-06-06 00:00:00,30.0
2016-07-06 00:00:00,30.45833333
2016-08-06 00:00:00,30.625
2016-09-06 00:00:00,30.625
2016-10-06 00:00:00,30.70833333
2016-11-06 00:00:00,29.04166667
2016-12-06 00:00:00,29.41666667
06/13/16,29.54166667
06/14/16,29.45833333
06/15/16,29.66666667
06/16/16,28.75
06/17/16,29.375
06/18/16,29.25
06/19/16,28.08333333
06/20/16,27.41666667
06/21/16,28.25
06/22/16,28.375
06/23/16,28.33333333
06/24/16,28.45833333
06/25/16,27.125
06/26/16,27.875
06/27/16,27.625
06/28/16,27.75
06/29/16,26.875
06/30/16,28.08333333
2016-01-07 00:00:00,27.95833333
2016-02-07 00:00:00,27.0
2016-03-07 00:00:00,27.5
2016-04-07 00:00:00,27.66666667
2016-05-07 00:00:00,27.66666667
2016-06-07 00:00:00,27.41666667
2016-07-07 00:00:00,27.5
2016-08-07 00:00:00,27.75
2016-09-07 00:00:00,27.0
2016-10-07 00:00:00,27.375
2016-11-07 00:00:00,27.33333333
2016-12-07 00:00:00,27.04166667
07/13/16,26.91666667
07/14/16,27.125
07/15/16,26.83333333
07/16/16,27.125
07/17/16,26.83333333
07/18/16,27.25
07/19/16,27.33333333
07/20/16,27.33333333
07/21/16,27.29166667
07/22/16,27.29166667
07/23/16,27.16666667
07/24/16,27.25
07/25/16,27.16666667
07/26/16,27.08333333
07/27/16,27.0
07/28/16,26.54166667
07/29/16,26.625
07/30/16,26.875
07/31/16,26.45833333
2016-01-08 00:00:00,26.0
2016-02-08 00:00:00,26.0
2016-03-08 00:00:00,26.5
2016-04-08 00:00:00,26.79166667
2016-05-08 00:00:00,26.45833333
2016-06-08 00:00:00,26.5
2016-07-08 00:00:00,26.75
2016-08-08 00:00:00,26.5
2016-09-08 00:00:00,26.70833333
2016-10-08 00:00:00,26.66666667
2016-11-08 00:00:00,26.83333333
2016-12-08 00:00:00,26.625
08/13/16,26.875
08/14/16,26.95833333
08/15/16,26.91666667
08/16/16,27.0
08/17/16,26.375
08/18/16,26.375
08/19/16,26.41666667
08/20/16,26.20833333
08/21/16,26.16666667
08/22/16,26.16666667
08/23/16,26.45833333
08/24/16,26.45833333
08/25/16,26.91666667
08/26/16,26.54166667
08/27/16,26.95833333
08/28/16,26.95833333
08/29/16,27.04166667
08/30/16,26.66666667
08/31/16,27.29166667
2016-01-09 00:00:00,26.70833333
2016-02-09 00:00:00,26.54166667
2016-03-09 00:00:00,26.54166667
2016-04-09 00:00:00,27.08333333
2016-05-09 00:00:00,26.66666667
2016-06-09 00:00:00,25.95833333
2016-07-09 00:00:00,25.91666667
2016-08-09 00:00:00,26.33333333
2016-09-09 00:00:00,26.41666667
2016-10-09 00:00:00,26.75
2016-11-09 00:00:00,26.83333333
2016-12-09 00:00:00,27.125
09/13/16,27.54166667
09/14/16,27.70833333
09/15/16,26.875
09/16/16,27.0
09/17/16,26.625
09/18/16,25.75
09/19/16,26.58333333
09/20/16,26.04166667
09/21/16,25.79166667
09/22/16,26.375
09/23/16,26.79166667
09/24/16,26.5
09/25/16,26.375
09/26/16,26.66666667
09/27/16,26.58333333
09/28/16,26.75
09/29/16,26.41666667
09/30/16,26.08333333
2016-01-10 00:00:00,25.16666667
2016-02-10 00:00:00,25.58333333
2016-03-10 00:00:00,26.5
2016-04-10 00:00:00,26.08333333
2016-05-10 00:00:00,26.20833333
2016-06-10 00:00:00,26.125
2016-07-10 00:00:00,26.16666667
2016-08-10 00:00:00,26.75
2016-09-10 00:00:00,26.875
2016-10-10 00:00:00,26.95833333
2016-11-10 00:00:00,26.91666667
2016-12-10 00:00:00,26.41666667
10/13/16,26.41666667
10/14/16,27.125
10/15/16,27.5
10/16/16,27.66666667
10/17/16,27.75
10/18/16,28.16666667
10/19/16,27.33333333
10/20/16,27.04166667
10/21/16,27.20833333
10/22/16,27.25
10/23/16,27.0
10/24/16,26.41666667
10/25/16,25.79166667
10/26/16,26.0
10/27/16,26.66666667
10/28/16,26.66666667
10/29/16,26.20833333
10/30/16,26.5
10/31/16,27.58333333
2016-01-11 00:00:00,27.0
2016-02-11 00:00:00,26.41666667
2016-03-11 00:00:00,26.29166667
2016-04-11 00:00:00,25.91666667
2016-05-11 00:00:00,25.95833333
2016-06-11 00:00:00,25.83333333
2016-07-11 00:00:00,25.58333333
2016-08-11 00:00:00,25.95833333
2016-09-11 00:00:00,25.875
2016-10-11 00:00:00,25.375
2016-11-11 00:00:00,25.375
2016-12-11 00:00:00,25.45833333
11/13/16,25.70833333
11/14/16,26.375
11/15/16,26.75
11/16/16,27.33333333
11/17/16,26.79166667
11/18/16,25.95833333
11/19/16,25.83333333
11/20/16,25.33333333
11/21/16,25.54166667
11/22/16,25.79166667
11/23/16,26.0
11/24/16,26.125
11/25/16,25.95833333
11/26/16,26.375
11/27/16,26.375
11/28/16,26.54166667
11/29/16,26.08333333
11/30/16,26.20833333
2016-01-12 00:00:00,26.0
2016-02-12 00:00:00,26.125
2016-03-12 00:00:00,26.33333333
2016-04-12 00:00:00,27.20833333
2016-05-12 00:00:00,27.33333333
2016-06-12 00:00:00,26.25
2016-07-12 00:00:00,25.375
2016-08-12 00:00:00,25.125
2016-09-12 00:00:00,25.08333333
2016-10-12 00:00:00,24.83333333
2016-11-12 00:00:00,24.70833333
2016-12-12 00:00:00,25.375
12/13/16,25.54166667
12/14/16,26.33333333
12/15/16,26.91666667
12/16/16,27.45833333
12/17/16,27.375
12/18/16,26.125
12/19/16,25.5
12/20/16,25.375
12/21/16,25.375
12/22/16,25.04166667
12/23/16,25.04166667
12/24/16,25.33333333
12/25/16,25.375
12/26/16,25.375
12/27/16,24.875
12/28/16,24.58333333
12/29/16,25.41666667
12/30/16,25.5
12/31/16,25.375
2017-01-01 00:00:00,25.375
2017-02-01 00:00:00,25.5
2017-03-01 00:00:00,25.375
2017-04-01 00:00:00,24.66666667
2017-05-01 00:00:00,24.625
2017-06-01 00:00:00,23.54166667
2017-07-01 00:00:00,22.83333333
2017-08-01 00:00:00,23.54166667
2017-09-01 00:00:00,23.33333333
2017-10-01 00:00:00,22.875
2017-11-01 00:00:00,22.5
2017-12-01 00:00:00,22.41666667
01/13/17,23.54166667
01/14/17,24.375
01/15/17,24.79166667
01/16/17,24.91666667
01/17/17,24.66666667
01/18/17,24.79166667
01/19/17,25.25
01/20/17,25.375
01/21/17,25.375
01/22/17,26.04166667
01/23/17,26.70833333
01/24/17,27.04166667
01/25/17,27.04166667
01/26/17,26.20833333
01/27/17,24.41666667
01/28/17,25.41666667
01/29/17,26.04166667
01/30/17,26.16666667
01/31/17,25.83333333
2017-01-02 00:00:00,26.125
2017-02-02 00:00:00,26.70833333
2017-03-02 00:00:00,26.16666667
2017-04-02 00:00:00,24.70833333
2017-05-02 00:00:00,23.625
2017-06-02 00:00:00,23.33333333
2017-07-02 00:00:00,24.16666667
2017-08-02 00:00:00,25.08333333
2017-09-02 00:00:00,25.375
2017-10-02 00:00:00,25.29166667
2017-11-02 00:00:00,23.875
2017-12-02 00:00:00,24.08333333
02/13/17,25.91666667
02/14/17,27.33333333
02/15/17,27.625
02/16/17,27.625
02/17/17,27.79166667
02/18/17,28.20833333
02/19/17,28.20833333
02/20/17,27.33333333
02/21/17,24.625
02/22/17,24.29166667
02/23/17,26.45833333
02/24/17,27.79166667
02/25/17,28.04166667
02/26/17,28.08333333
02/27/17,27.70833333
02/28/17,28.41666667
2017-01-03 00:00:00,28.79166667
2017-02-03 00:00:00,28.125
2017-03-03 00:00:00,27.54166667
2017-04-03 00:00:00,26.79166667
2017-05-03 00:00:00,26.79166667
2017-06-03 00:00:00,26.33333333
2017-07-03 00:00:00,26.04166667
2017-08-03 00:00:00,26.70833333
2017-09-03 00:00:00,26.25
2017-10-03 00:00:00,25.33333333
2017-11-03 00:00:00,24.95833333
2017-12-03 00:00:00,24.5
03/13/17,26.04166667
03/14/17,27.54166667
03/15/17,28.125
03/16/17,27.83333333
03/17/17,27.66666667
03/18/17,27.375
03/19/17,26.625
03/20/17,27.33333333
03/21/17,27.45833333
03/22/17,27.70833333
03/23/17,28.0
03/24/17,28.58333333
03/25/17,29.04166667
03/26/17,29.91666667
03/27/17,30.83333333
03/28/17,29.29166667
03/29/17,28.33333333
03/30/17,28.58333333
03/31/17,29.5
2017-01-04 00:00:00,28.08333333
2017-02-04 00:00:00,28.41666667
2017-03-04 00:00:00,28.33333333
2017-04-04 00:00:00,28.33333333
2017-05-04 00:00:00,28.16666667
2017-06-04 00:00:00,28.08333333
2017-07-04 00:00:00,27.5
2017-08-04 00:00:00,28.20833333
2017-09-04 00:00:00,30.29166667
2017-10-04 00:00:00,30.54166667
2017-11-04 00:00:00,30.04166667
2017-12-04 00:00:00,29.625
04/13/17,30.70833333
04/14/17,29.375
04/15/17,28.91666667
04/16/17,29.625
04/17/17,29.5
04/18/17,30.25
04/19/17,29.375
04/20/17,28.66666667
04/21/17,28.58333333
04/22/17,28.79166667
04/23/17,28.5
04/24/17,28.45833333
04/25/17,28.375
04/26/17,28.20833333
04/27/17,28.75
04/28/17,28.875
04/29/17,28.83333333
04/30/17,28.29166667
2017-01-05 00:00:00,28.75
2017-02-05 00:00:00,28.375
2017-03-05 00:00:00,28.875
2017-04-05 00:00:00,29.79166667
2017-05-05 00:00:00,30.83333333
2017-06-05 00:00:00,30.41666667
2017-07-05 00:00:00,30.16666667
2017-08-05 00:00:00,29.95833333
2017-09-05 00:00:00,30.375
2017-10-05 00:00:00,30.16666667
2017-11-05 00:00:00,30.375
2017-12-05 00:00:00,31.45833333
05/13/17,32.41666667
05/14/17,31.04166667
05/15/17,30.20833333
05/16/17,30.16666667
05/17/17,30.16666667
05/18/17,30.08333333
05/19/17,29.5
05/20/17,29.45833333
05/21/17,30.04166667
05/22/17,30.20833333
05/23/17,30.83333333
05/24/17,30.70833333
05/25/17,30.0
05/26/17,30.20833333
05/27/17,30.20833333
05/28/17,30.20833333
05/29/17,30.16666667
05/30/17,29.79166667
05/31/17,30.08333333
2017-01-06 00:00:00,30.08333333
2017-02-06 00:00:00,30.625
2017-03-06 00:00:00,30.5
2017-04-06 00:00:00,30.25
2017-05-06 00:00:00,30.33333333
2017-06-06 00:00:00,30.08333333
2017-07-06 00:00:00,29.66666667
2017-08-06 00:00:00,29.16666667
2017-09-06 00:00:00,29.625
2017-10-06 00:00:00,29.20833333
2017-11-06 00:00:00,29.04166667
2017-12-06 00:00:00,28.875
06/13/17,29.0
06/14/17,29.45833333
06/15/17,29.375
06/16/17,29.54166667
06/17/17,29.25
06/18/17,29.33333333
06/19/17,29.125
06/20/17,29.16666667
06/21/17,29.16666667
06/22/17,28.625
06/23/17,28.58333333
06/24/17,28.125
06/25/17,27.91666667
06/26/17,27.95833333
06/27/17,28.20833333
06/28/17,28.08333333
06/29/17,28.375
06/30/17,28.16666667
2017-01-07 00:00:00,27.625
2017-02-07 00:00:00,27.70833333
2017-03-07 00:00:00,27.625
2017-04-07 00:00:00,27.375
2017-05-07 00:00:00,27.54166667
2017-06-07 00:00:00,27.33333333
2017-07-07 00:00:00,27.04166667
2017-08-07 00:00:00,26.95833333
2017-09-07 00:00:00,27.41666667
2017-10-07 00:00:00,27.45833333
2017-11-07 00:00:00,27.45833333
2017-12-07 00:00:00,27.16666667
07/13/17,27.29166667
07/14/17,27.16666667
07/15/17,27.0
07/16/17,26.875
07/17/17,27.0
07/18/17,26.91666667
07/19/17,26.875
07/20/17,27.70833333
07/21/17,27.875
07/22/17,27.79166667
07/23/17,27.70833333
07/24/17,28.16666667
07/25/17,28.16666667
07/26/17,28.04166667
07/27/17,27.04166667
07/28/17,27.375
07/29/17,27.79166667
07/30/17,27.91666667
07/31/17,27.875
2017-01-08 00:00:00,27.95833333
2017-02-08 00:00:00,28.25
2017-03-08 00:00:00,28.20833333
2017-04-08 00:00:00,28.08333333
2017-05-08 00:00:00,27.45833333
2017-06-08 00:00:00,27.83333333
2017-07-08 00:00:00,28.08333333
2017-08-08 00:00:00,28.04166667
2017-09-08 00:00:00,27.95833333
2017-10-08 00:00:00,27.54166667
2017-11-08 00:00:00,27.66666667
2017-12-08 00:00:00,27.75
08/13/17,27.70833333
08/14/17,27.33333333
08/15/17,27.45833333
08/16/17,27.79166667
08/17/17,27.70833333
08/18/17,27.79166667
08/19/17,26.79166667
08/20/17,25.54166667
08/21/17,25.66666667
08/22/17,27.375
08/23/17,27.58333333
08/24/17,27.83333333
08/25/17,27.33333333
08/26/17,27.58333333
08/27/17,27.83333333
08/28/17,26.41666667
08/29/17,26.08333333
08/30/17,27.41666667
08/31/17,27.54166667
2017-01-09 00:00:00,27.25
2017-02-09 00:00:00,27.45833333
2017-03-09 00:00:00,27.33333333
2017-04-09 00:00:00,27.95833333
2017-05-09 00:00:00,27.79166667
2017-06-09 00:00:00,28.04166667
2017-07-09 00:00:00,28.33333333
2017-08-09 00:00:00,28.75
2017-09-09 00:00:00,28.66666667
2017-10-09 00:00:00,28.91666667
2017-11-09 00:00:00,29.625
2017-12-09 00:00:00,30.0
09/13/17,28.79166667
09/14/17,28.79166667
09/15/17,27.83333333
09/16/17,27.75
09/17/17,27.625
09/18/17,27.91666667
09/19/17,27.5
09/20/17,26.91666667
09/21/17,27.04166667
09/22/17,27.25
09/23/17,27.5
09/24/17,27.91666667
09/25/17,27.83333333
09/26/17,27.95833333
09/27/17,28.29166667
09/28/17,28.5
09/29/17,28.5
09/30/17,29.0
2017-01-10 00:00:00,29.41666667
2017-02-10 00:00:00,29.375
2017-03-10 00:00:00,29.04166667
2017-04-10 00:00:00,29.75
2017-05-10 00:00:00,29.875
2017-06-10 00:00:00,27.875
2017-07-10 00:00:00,29.70833333
2017-08-10 00:00:00,29.16666667
2017-09-10 00:00:00,28.41666667
2017-10-10 00:00:00,27.75
2017-11-10 00:00:00,27.875
2017-12-10 00:00:00,28.58333333
10/13/17,28.875
10/14/17,29.04166667
10/15/17,29.20833333
10/16/17,29.16666667
10/17/17,29.375
10/18/17,29.20833333
10/19/17,29.16666667
10/20/17,28.41666667
10/21/17,28.41666667
10/22/17,28.625
10/23/17,29.125
10/24/17,28.83333333
10/25/17,28.95833333
10/26/17,29.29166667
10/27/17,29.16666667
10/28/17,28.95833333
10/29/17,29.04166667
10/30/17,28.875
10/31/17,28.75
2017-01-11 00:00:00,28.375
2017-02-11 00:00:00,28.25
2017-03-11 00:00:00,28.20833333
2017-04-11 00:00:00,27.70833333
2017-05-11 00:00:00,27.95833333
2017-06-11 00:00:00,28.83333333
2017-07-11 00:00:00,28.625
2017-08-11 00:00:00,28.29166667
2017-09-11 00:00:00,28.20833333
2017-10-11 00:00:00,28.125
2017-11-11 00:00:00,27.66666667
2017-12-11 00:00:00,27.125
11/13/17,26.66666667
11/14/17,26.54166667
11/15/17,27.0
11/16/17,27.0
11/17/17,27.20833333
11/18/17,27.45833333
11/19/17,27.625
11/20/17,27.66666667
11/21/17,28.375
11/22/17,28.41666667
11/23/17,27.66666667
11/24/17,27.0
11/25/17,26.875
11/26/17,27.58333333
11/27/17,27.41666667
11/28/17,27.08333333
11/29/17,27.04166667
11/30/17,27.0
2017-01-12 00:00:00,27.25
2017-02-12 00:00:00,27.29166667
2017-03-12 00:00:00,27.125
2017-04-12 00:00:00,25.83333333
2017-05-12 00:00:00,24.66666667
2017-06-12 00:00:00,24.25
2017-07-12 00:00:00,23.83333333
2017-08-12 00:00:00,25.83333333
2017-09-12 00:00:00,26.66666667
2017-10-12 00:00:00,26.70833333
2017-11-12 00:00:00,25.58333333
2017-12-12 00:00:00,24.41666667
12/13/17,23.83333333
12/14/17,24.20833333
12/15/17,25.5
12/16/17,26.66666667
12/17/17,26.95833333
12/18/17,26.45833333
12/19/17,26.0
12/20/17,26.0
12/21/17,26.08333333
12/22/17,26.625
12/23/17,26.25
12/24/17,26.0
12/25/17,26.0
12/26/17,26.625
12/27/17,26.16666667
12/28/17,25.79166667
12/29/17,25.625
12/30/17,25.54166667
12/31/17,25.25
2018-01-01 00:00:00,24.75
2018-02-01 00:00:00,24.58333333
2018-03-01 00:00:00,25.125
2018-04-01 00:00:00,25.29166667
2018-05-01 00:00:00,25.16666667
2018-06-01 00:00:00,24.75
2018-07-01 00:00:00,23.66666667
2018-08-01 00:00:00,23.75
2018-09-01 00:00:00,25.08333333
2018-10-01 00:00:00,26.08333333
2018-11-01 00:00:00,27.125
2018-12-01 00:00:00,27.66666667
01/13/18,27.95833333
01/14/18,28.08333333
01/15/18,28.375
01/16/18,28.33333333
01/17/18,27.45833333
01/18/18,27.33333333
01/19/18,26.625
01/20/18,26.375
01/21/18,26.33333333
01/22/18,25.66666667
01/23/18,24.54166667
01/24/18,23.83333333
01/25/18,24.83333333
01/26/18,25.41666667
01/27/18,25.08333333
01/28/18,25.0
01/29/18,25.95833333
01/30/18,27.0
01/31/18,27.45833333
2018-01-02 00:00:00,26.875
2018-02-02 00:00:00,26.91666667
2018-03-02 00:00:00,26.83333333
2018-04-02 00:00:00,26.95833333
2018-05-02 00:00:00,26.79166667
2018-06-02 00:00:00,27.04166667
2018-07-02 00:00:00,26.75
2018-08-02 00:00:00,25.875
2018-09-02 00:00:00,25.54166667
2018-10-02 00:00:00,25.08333333
2018-11-02 00:00:00,24.54166667
2018-12-02 00:00:00,24.375
02/13/18,25.125
02/14/18,27.20833333
02/15/18,28.20833333
02/16/18,28.08333333
02/17/18,27.58333333
02/18/18,27.625
02/19/18,27.58333333
02/20/18,27.54166667
02/21/18,27.95833333
02/22/18,28.41666667
02/23/18,28.125
02/24/18,28.625
02/25/18,29.29166667
02/26/18,29.54166667
02/27/18,29.58333333
02/28/18,29.33333333
2018-01-03 00:00:00,29.04166667
2018-02-03 00:00:00,29.58333333
2018-03-03 00:00:00,29.29166667
2018-04-03 00:00:00,28.125
2018-05-03 00:00:00,28.45833333
2018-06-03 00:00:00,29.20833333
2018-07-03 00:00:00,28.45833333
2018-08-03 00:00:00,27.79166667
2018-09-03 00:00:00,28.25
2018-10-03 00:00:00,28.66666667
2018-11-03 00:00:00,29.58333333
2018-12-03 00:00:00,29.5
03/13/18,29.41666667
03/14/18,29.29166667
03/15/18,27.25
03/16/18,28.58333333
03/17/18,28.5
03/18/18,28.54166667
03/19/18,28.58333333
03/20/18,28.41666667
03/21/18,27.83333333
03/22/18,26.70833333
03/23/18,26.95833333
03/24/18,28.91666667
03/25/18,31.20833333
03/26/18,31.79166667
03/27/18,28.83333333
03/28/18,28.33333333
03/29/18,28.29166667
03/30/18,27.91666667
03/31/18,28.0
2018-01-04 00:00:00,28.41666667
2018-02-04 00:00:00,28.95833333
2018-03-04 00:00:00,29.16666667
2018-04-04 00:00:00,29.41666667
2018-05-04 00:00:00,29.41666667
2018-06-04 00:00:00,29.29166667
2018-07-04 00:00:00,29.54166667
2018-08-04 00:00:00,29.625
2018-09-04 00:00:00,29.70833333
2018-10-04 00:00:00,29.66666667
2018-11-04 00:00:00,29.29166667
2018-12-04 00:00:00,29.20833333
04/13/18,29.75
04/14/18,29.875
04/15/18,29.79166667
04/16/18,30.5
04/17/18,31.29166667
04/18/18,31.5
04/19/18,31.83333333
04/20/18,30.25
04/21/18,30.25
04/22/18,30.66666667
04/23/18,30.29166667
04/24/18,30.95833333
04/25/18,30.16666667
04/26/18,29.41666667
04/27/18,29.25
04/28/18,29.5
04/29/18,29.29166667
04/30/18,29.29166667
2018-01-05 00:00:00,29.625
2018-02-05 00:00:00,29.625
2018-03-05 00:00:00,29.91666667
2018-04-05 00:00:00,29.58333333
2018-05-05 00:00:00,29.875
2018-06-05 00:00:00,30.20833333
2018-07-05 00:00:00,30.54166667
2018-08-05 00:00:00,30.16666667
2018-09-05 00:00:00,30.58333333
2018-10-05 00:00:00,30.66666667
2018-11-05 00:00:00,30.5
2018-12-05 00:00:00,30.20833333
05/13/18,30.20833333
05/14/18,30.33333333
05/15/18,30.20833333
05/16/18,30.20833333
05/17/18,30.83333333
05/18/18,30.625
05/19/18,30.66666667
05/20/18,30.29166667
05/21/18,30.20833333
05/22/18,30.125
05/23/18,30.08333333
05/24/18,30.25
05/25/18,29.58333333
05/26/18,30.58333333
05/27/18,30.41666667
05/28/18,30.16666667
05/29/18,30.125
05/30/18,30.20833333
05/31/18,30.54166667
2018-01-06 00:00:00,30.75
2018-02-06 00:00:00,30.91666667
2018-03-06 00:00:00,30.45833333
2018-04-06 00:00:00,30.95833333
2018-05-06 00:00:00,30.79166667
2018-06-06 00:00:00,30.83333333
2018-07-06 00:00:00,30.45833333
2018-08-06 00:00:00,30.29166667
2018-09-06 00:00:00,29.29166667
2018-10-06 00:00:00,29.79166667
2018-11-06 00:00:00,30.25
2018-12-06 00:00:00,30.125
06/13/18,30.29166667
06/14/18,30.04166667
06/15/18,29.70833333
06/16/18,28.875
06/17/18,28.875
06/18/18,28.79166667
06/19/18,29.58333333
06/20/18,29.95833333
06/21/18,29.875
06/22/18,29.625
06/23/18,28.0
06/24/18,27.29166667
06/25/18,27.54166667
06/26/18,29.04166667
06/27/18,29.0
06/28/18,28.5
06/29/18,28.33333333
06/30/18,28.41666667
2018-01-07 00:00:00,28.70833333
2018-02-07 00:00:00,28.25
2018-03-07 00:00:00,27.79166667
2018-04-07 00:00:00,27.875
2018-05-07 00:00:00,28.0
2018-06-07 00:00:00,28.20833333
2018-07-07 00:00:00,27.45833333
2018-08-07 00:00:00,26.875
2018-09-07 00:00:00,26.375
2018-10-07 00:00:00,26.91666667
2018-11-07 00:00:00,27.5
2018-12-07 00:00:00,27.66666667
07/13/18,27.5
07/14/18,27.45833333
07/15/18,27.33333333
07/16/18,27.16666667
07/17/18,27.0
07/18/18,27.75
07/19/18,27.79166667
07/20/18,27.33333333
07/21/18,27.20833333
07/22/18,27.5
07/23/18,27.91666667
07/24/18,27.875
07/25/18,27.70833333
07/26/18,27.70833333
07/27/18,27.29166667
07/28/18,27.75
07/29/18,27.875
07/30/18,27.83333333
07/31/18,27.91666667
2018-01-08 00:00:00,27.58333333
2018-02-08 00:00:00,27.95833333
2018-03-08 00:00:00,27.75
2018-04-08 00:00:00,27.375
2018-05-08 00:00:00,27.79166667
2018-06-08 00:00:00,27.45833333
2018-07-08 00:00:00,27.45833333
2018-08-08 00:00:00,27.375
2018-09-08 00:00:00,27.54166667
2018-10-08 00:00:00,27.54166667
2018-11-08 00:00:00,27.41666667
2018-12-08 00:00:00,27.45833333
08/13/18,27.375
08/14/18,27.70833333
08/15/18,27.41666667
08/16/18,27.20833333
08/17/18,27.0
08/18/18,27.20833333
08/19/18,27.04166667
08/20/18,26.54166667
08/21/18,26.25
08/22/18,26.75
08/23/18,26.875
08/24/18,26.75
08/25/18,26.75
08/26/18,26.66666667
08/27/18,26.54166667
08/28/18,26.58333333
08/29/18,26.875
08/30/18,27.04166667
08/31/18,26.79166667
2018-01-09 00:00:00,26.625
2018-02-09 00:00:00,26.16666667
2018-03-09 00:00:00,26.79166667
2018-04-09 00:00:00,26.875
2018-05-09 00:00:00,26.75
2018-06-09 00:00:00,26.66666667
2018-07-09 00:00:00,26.20833333
2018-08-09 00:00:00,26.33333333
2018-09-09 00:00:00,26.41666667
2018-10-09 00:00:00,26.79166667
2018-11-09 00:00:00,26.95833333
2018-12-09 00:00:00,26.83333333
09/13/18,26.75
09/14/18,27.08333333
09/15/18,27.29166667
09/16/18,27.41666667
09/17/18,27.33333333
09/18/18,27.29166667
09/19/18,27.20833333
09/20/18,27.79166667
09/21/18,28.25
09/22/18,27.54166667
09/23/18,27.58333333
09/24/18,27.75
09/25/18,27.79166667
09/26/18,28.25
09/27/18,29.125
09/28/18,29.95833333
09/29/18,29.70833333
09/30/18,30.41666667
2018-01-10 00:00:00,30.625
2018-02-10 00:00:00,30.29166667
2018-03-10 00:00:00,30.33333333
2018-04-10 00:00:00,30.54166667
2018-05-10 00:00:00,30.875
2018-06-10 00:00:00,30.66666667
2018-07-10 00:00:00,30.875
2018-08-10 00:00:00,30.375
2018-09-10 00:00:00,29.83333333
2018-10-10 00:00:00,29.66666667
2018-11-10 00:00:00,29.5
2018-12-10 00:00:00,29.875
10/13/18,30.08333333
10/14/18,30.08333333
10/15/18,30.25
10/16/18,30.125
10/17/18,29.16666667
10/18/18,28.91666667
10/19/18,29.58333333
10/20/18,29.95833333
10/21/18,29.95833333
10/22/18,30.375
10/23/18,30.16666667
10/24/18,29.875
10/25/18,29.91666667
10/26/18,30.0
10/27/18,29.875
10/28/18,29.625
10/29/18,29.20833333
10/30/18,28.5
10/31/18,28.66666667
2018-01-11 00:00:00,29.25
2018-02-11 00:00:00,29.5
2018-03-11 00:00:00,29.875
2018-04-11 00:00:00,30.20833333
2018-05-11 00:00:00,29.66666667
2018-06-11 00:00:00,30.04166667
2018-07-11 00:00:00,29.625
2018-08-11 00:00:00,29.20833333
2018-09-11 00:00:00,29.5
2018-10-11 00:00:00,29.33333333
2018-11-11 00:00:00,29.125
2018-12-11 00:00:00,28.75
11/13/18,28.08333333
11/14/18,27.79166667
11/15/18,28.625
11/16/18,28.75
11/17/18,28.83333333
11/18/18,29.08333333
11/19/18,29.33333333
11/20/18,29.54166667
11/21/18,29.70833333
11/22/18,29.83333333
11/23/18,29.5
11/24/18,29.0
11/25/18,28.54166667
11/26/18,28.58333333
11/27/18,28.375
11/28/18,28.125
11/29/18,27.83333333
11/30/18,27.95833333
2018-01-12 00:00:00,27.54166667
2018-02-12 00:00:00,27.0
2018-03-12 00:00:00,27.375
2018-04-12 00:00:00,27.79166667
2018-05-12 00:00:00,27.91666667
2018-06-12 00:00:00,27.45833333
2018-07-12 00:00:00,27.54166667
2018-08-12 00:00:00,27.375
2018-09-12 00:00:00,26.45833333
2018-10-12 00:00:00,25.625
2018-11-12 00:00:00,25.58333333
2018-12-12 00:00:00,25.70833333
12/13/18,25.70833333
12/14/18,26.375
12/15/18,26.91666667
12/16/18,26.20833333
12/17/18,25.16666667
12/18/18,25.29166667
12/19/18,24.875
12/20/18,24.75
12/21/18,26.0
12/22/18,26.08333333
12/23/18,26.70833333
12/24/18,27.08333333
12/25/18,27.0
12/26/18,24.95833333
12/27/18,23.5
12/28/18,23.875
12/29/18,24.29166667
12/30/18,24.91666667
12/31/18,25.08333333
2019-01-01 00:00:00,27.45833333
2019-02-01 00:00:00,28.33333333
2019-03-01 00:00:00,29.04166667
2019-04-01 00:00:00,29.95833333
2019-05-01 00:00:00,27.375
2019-06-01 00:00:00,26.58333333
2019-07-01 00:00:00,27.25
2019-08-01 00:00:00,28.16666667
2019-09-01 00:00:00,27.375
2019-10-01 00:00:00,27.5
2019-11-01 00:00:00,27.66666667
2019-12-01 00:00:00,27.25
01/13/19,26.20833333
01/14/19,27.75
01/15/19,28.58333333
01/16/19,28.20833333
01/17/19,28.58333333
01/18/19,28.58333333
01/19/19,29.375
01/20/19,29.625
01/21/19,27.5
01/22/19,25.75
01/23/19,23.91666667
01/24/19,24.25
01/25/19,23.91666667
01/26/19,24.375
01/27/19,25.25
01/28/19,25.375
01/29/19,25.875
01/30/19,27.33333333
01/31/19,26.25
2019-01-02 00:00:00,25.45833333
2019-02-02 00:00:00,25.375
2019-03-02 00:00:00,27.66666667
2019-04-02 00:00:00,27.91666667
2019-05-02 00:00:00,28.16666667
2019-06-02 00:00:00,26.41666667
2019-07-02 00:00:00,22.95833333
2019-08-02 00:00:00,22.66666667
2019-09-02 00:00:00,23.95833333
2019-10-02 00:00:00,26.70833333
2019-11-02 00:00:00,29.0
2019-12-02 00:00:00,29.54166667
02/13/19,28.08333333
02/14/19,27.0
02/15/19,26.20833333
02/16/19,26.625
02/17/19,27.08333333
02/18/19,26.95833333
02/19/19,27.45833333
02/20/19,28.70833333
02/21/19,26.16666667
02/22/19,27.125
02/23/19,29.16666667
02/24/19,28.0
02/25/19,27.5
02/26/19,27.25
02/27/19,26.20833333
02/28/19,26.41666667
2019-01-03 00:00:00,27.58333333
2019-02-03 00:00:00,29.125
2019-03-03 00:00:00,26.29166667
2019-04-03 00:00:00,25.25
2019-05-03 00:00:00,25.58333333
2019-06-03 00:00:00,25.5
2019-07-03 00:00:00,25.79166667
2019-08-03 00:00:00,27.16666667
2019-09-03 00:00:00,27.66666667
2019-10-03 00:00:00,28.16666667
2019-11-03 00:00:00,26.95833333
2019-12-03 00:00:00,26.83333333
03/13/19,27.125
03/14/19,26.70833333
03/15/19,27.75
03/16/19,28.375
03/17/19,28.125
03/18/19,28.625
03/19/19,29.5
03/20/19,28.29166667
03/21/19,27.25
03/22/19,27.91666667
03/23/19,28.83333333
03/24/19,31.0
03/25/19,31.375
03/26/19,31.91666667
03/27/19,30.58333333
03/28/19,30.5
03/29/19,30.33333333
03/30/19,29.95833333
03/31/19,30.25
2019-01-04 00:00:00,30.33333333
2019-02-04 00:00:00,29.70833333
2019-03-04 00:00:00,29.91666667
2019-04-04 00:00:00,29.58333333
2019-05-04 00:00:00,29.75
2019-06-04 00:00:00,29.58333333
2019-07-04 00:00:00,30.75
2019-08-04 00:00:00,30.875
2019-09-04 00:00:00,29.58333333
2019-10-04 00:00:00,30.58333333
2019-11-04 00:00:00,30.70833333
2019-12-04 00:00:00,31.5
04/13/19,31.16666667
04/14/19,31.29166667
04/15/19,30.04166667
04/16/19,30.08333333
04/17/19,28.75
04/18/19,28.125
04/19/19,30.125
04/20/19,31.25
04/21/19,30.79166667
04/22/19,31.91666667
04/23/19,30.79166667
04/24/19,30.79166667
04/25/19,31.04166667
04/26/19,32.95833333
04/27/19,33.41666667
04/28/19,32.70833333
04/29/19,30.79166667
04/30/19,30.83333333
2019-01-05 00:00:00,29.79166667
2019-02-05 00:00:00,29.45833333
2019-03-05 00:00:00,28.58333333
2019-04-05 00:00:00,29.125
2019-05-05 00:00:00,29.04166667
2019-06-05 00:00:00,29.58333333
2019-07-05 00:00:00,30.0
2019-08-05 00:00:00,29.54166667
2019-09-05 00:00:00,29.125
2019-10-05 00:00:00,28.91666667
2019-11-05 00:00:00,28.58333333
2019-12-05 00:00:00,29.08333333
05/13/19,29.29166667
05/14/19,28.875
05/15/19,29.16666667
05/16/19,29.33333333
05/17/19,29.625
05/18/19,31.29166667
05/19/19,32.41666667
05/20/19,31.875
05/21/19,31.25
05/22/19,30.45833333
05/23/19,30.41666667
05/24/19,31.0
05/25/19,29.95833333
05/26/19,29.83333333
05/27/19,30.20833333
05/28/19,30.08333333
05/29/19,30.29166667
05/30/19,30.29166667
05/31/19,30.25
2019-01-06 00:00:00,30.375
2019-02-06 00:00:00,30.45833333
2019-03-06 00:00:00,30.0
2019-04-06 00:00:00,30.375
2019-05-06 00:00:00,30.70833333
2019-06-06 00:00:00,30.75
2019-07-06 00:00:00,30.25
2019-08-06 00:00:00,30.625
2019-09-06 00:00:00,30.54166667
2019-10-06 00:00:00,31.08333333
2019-11-06 00:00:00,30.91666667
2019-12-06 00:00:00,29.125
06/13/19,29.625
06/14/19,29.33333333
06/15/19,29.41666667
06/16/19,29.79166667
06/17/19,29.45833333
06/18/19,29.25
06/19/19,29.54166667
06/20/19,30.04166667
06/21/19,29.66666667
06/22/19,29.75
06/23/19,29.45833333
06/24/19,29.16666667
06/25/19,29.5
06/26/19,30.125
06/27/19,29.875
06/28/19,28.04166667
06/29/19,26.75
06/30/19,27.29166667
2019-01-07 00:00:00,25.79166667
2019-02-07 00:00:00,25.91666667
2019-03-07 00:00:00,27.33333333
2019-04-07 00:00:00,28.41666667
2019-05-07 00:00:00,28.45833333
2019-06-07 00:00:00,28.125
2019-07-07 00:00:00,28.04166667
2019-08-07 00:00:00,28.29166667
2019-09-07 00:00:00,28.41666667
2019-10-07 00:00:00,28.29166667
2019-11-07 00:00:00,28.0
2019-12-07 00:00:00,28.41666667
07/13/19,28.45833333
07/14/19,28.75
07/15/19,28.41666667
07/16/19,28.5
07/17/19,28.70833333
07/18/19,28.79166667
07/19/19,29.20833333
07/20/19,27.91666667
07/21/19,28.83333333
07/22/19,29.5
07/23/19,28.95833333
07/24/19,28.58333333
07/25/19,28.66666667
07/26/19,27.45833333
07/27/19,26.875
07/28/19,27.875
07/29/19,28.0
07/30/19,27.375
07/31/19,27.83333333
2019-01-08 00:00:00,28.0
2019-02-08 00:00:00,28.20833333
2019-03-08 00:00:00,26.45833333
2019-04-08 00:00:00,25.625
2019-05-08 00:00:00,26.66666667
2019-06-08 00:00:00,27.79166667
2019-07-08 00:00:00,28.16666667
2019-08-08 00:00:00,28.375
2019-09-08 00:00:00,28.0
2019-10-08 00:00:00,28.41666667
2019-11-08 00:00:00,28.20833333
2019-12-08 00:00:00,28.08333333
08/13/19,28.125
08/14/19,27.75
08/15/19,28.0
08/16/19,28.375
08/17/19,28.33333333
08/18/19,28.41666667
08/19/19,28.125
08/20/19,28.5
08/21/19,28.29166667
08/22/19,28.29166667
08/23/19,28.58333333
08/24/19,28.33333333
08/25/19,28.0
08/26/19,27.79166667
08/27/19,28.04166667
08/28/19,28.08333333
08/29/19,28.58333333
08/30/19,28.5
08/31/19,28.16666667
2019-01-09 00:00:00,27.91666667
2019-02-09 00:00:00,28.20833333
2019-03-09 00:00:00,28.0
2019-04-09 00:00:00,26.83333333
2019-05-09 00:00:00,25.91666667
2019-06-09 00:00:00,27.08333333
2019-07-09 00:00:00,27.125
2019-08-09 00:00:00,27.20833333
2019-09-09 00:00:00,27.70833333
2019-10-09 00:00:00,28.0
2019-11-09 00:00:00,28.08333333
2019-12-09 00:00:00,27.29166667
09/13/19,26.875
09/14/19,27.58333333
09/15/19,26.75
09/16/19,26.741666667
09/17/19,26.79166667
09/18/19,28.66666667
09/19/19,27.08333333
09/20/19,27.29166667
09/21/19,27.75
09/22/19,27.83333333
09/23/19,28.0
09/24/19,28.25
09/25/19,28.08333333
09/26/19,28.20833333
09/27/19,27.41666667
09/28/19,27.58333333
09/29/19,27.75
09/30/19,27.91666667
2019-01-10 00:00:00,27.95833333
2019-02-10 00:00:00,28.58333333
2019-03-10 00:00:00,28.5
2019-04-10 00:00:00,28.58333333
2019-05-10 00:00:00,28.95833333
2019-06-10 00:00:00,29.75
2019-07-10 00:00:00,29.95833333
2019-08-10 00:00:00,30.33333333
2019-09-10 00:00:00,30.41666667
2019-10-10 00:00:00,30.375
2019-11-10 00:00:00,29.41666667
2019-12-10 00:00:00,29.875
10/13/19,30.625
10/14/19,30.66666667
10/15/19,31.125
10/16/19,31.16666667
10/17/19,30.41666667
10/18/19,28.25
10/19/19,24.70833333
10/20/19,22.91666667
10/21/19,24.375
10/22/19,26.79166667
10/23/19,25.58333333
10/24/19,27.08333333
10/25/19,27.58333333
10/26/19,26.875
10/27/19,27.66666667
10/28/19,28.45833333
10/29/19,28.95833333
10/30/19,29.45833333
10/31/19,29.66666667
2019-01-11 00:00:00,28.375
2019-02-11 00:00:00,28.20833333
2019-03-11 00:00:00,28.29166667
2019-04-11 00:00:00,28.875
2019-05-11 00:00:00,29.41666667
2019-06-11 00:00:00,29.20833333
2019-07-11 00:00:00,27.45833333
2019-08-11 00:00:00,27.25
2019-09-11 00:00:00,26.58333333
2019-10-11 00:00:00,28.95833333
2019-11-11 00:00:00,28.45833333
2019-12-11 00:00:00,28.91666667
11/13/19,29.45833333
11/14/19,29.58333333
11/15/19,28.41666667
11/16/19,28.95833333
11/17/19,29.70833333
11/18/19,30.125
11/19/19,29.41666667
11/20/19,29.0
11/21/19,29.29166667
11/22/19,29.41666667
11/23/19,29.70833333
11/24/19,29.25
11/25/19,29.83333333
11/26/19,29.79166667
11/27/19,30.08333333
11/28/19,29.25
11/29/19,28.91666667
11/30/19,28.91666667
2019-01-12 00:00:00,28.875
2019-02-12 00:00:00,29.08333333
2019-03-12 00:00:00,29.04166667
2019-04-12 00:00:00,28.45833333
2019-05-12 00:00:00,27.95833333
2019-06-12 00:00:00,28.58333333
2019-07-12 00:00:00,28.08333333
2019-08-12 00:00:00,28.29166667
2019-09-12 00:00:00,28.29166667
2019-10-12 00:00:00,28.5
2019-11-12 00:00:00,28.125
2019-12-12 00:00:00,27.125
12/13/19,26.625
12/14/19,26.41666667
12/15/19,26.08333333
12/16/19,26.66666667
12/17/19,27.25
12/18/19,27.45833333
12/19/19,27.875
12/20/19,27.875
12/21/19,27.5
12/22/19,27.95833333
12/23/19,28.45833333
12/24/19,27.79166667
12/25/19,27.0
12/26/19,26.5
12/27/19,26.95833333
12/28/19,25.83333333
12/29/19,26.08333333
12/30/19,25.16666667
12/31/19,24.25
2020-01-01 00:00:00,25.08333333
2020-01-02 00:00:00,27.45833333
2020-01-03 00:00:00,28.33333333
2020-01-04 00:00:00,29.04166667
2020-01-05 00:00:00,29.95833333
2020-01-06 00:00:00,27.375
2020-01-07 00:00:00,26.58333333
2020-01-08 00:00:00,27.25
2020-01-09 00:00:00,28.16666667
2020-01-10 00:00:00,27.375
2020-01-11 00:00:00,27.5
2020-01-12 00:00:00,27.66666667
2020-01-13 00:00:00,27.25
2020-01-14 00:00:00,26.20833333
2020-01-15 00:00:00,27.75
2020-01-16 00:00:00,28.58333333
2020-01-17 00:00:00,28.20833333
2020-01-18 00:00:00,28.58333333
2020-01-19 00:00:00,28.58333333
2020-01-20 00:00:00,29.375
2020-01-21 00:00:00,29.625
2020-01-22 00:00:00,27.5
2020-01-23 00:00:00,25.75
2020-01-24 00:00:00,23.91666667
2020-01-25 00:00:00,24.25
2020-01-26 00:00:00,23.91666667
2020-01-27 00:00:00,24.375
2020-01-28 00:00:00,25.25
2020-01-29 00:00:00,25.375
2020-01-30 00:00:00,25.875
2020-01-31 00:00:00,27.33333333
2020-02-01 00:00:00,26.25
2020-02-02 00:00:00,25.45833333
2020-02-03 00:00:00,25.375
2020-02-04 00:00:00,27.66666667
2020-02-05 00:00:00,27.91666667
2020-02-06 00:00:00,28.16666667
2020-02-07 00:00:00,26.41666667
2020-02-08 00:00:00,22.95833333
2020-02-09 00:00:00,22.66666667
2020-02-10 00:00:00,23.95833333
2020-02-11 00:00:00,26.70833333
2020-02-12 00:00:00,29.0
2020-02-13 00:00:00,29.54166667
2020-02-14 00:00:00,28.08333333
2020-02-15 00:00:00,27.0
2020-02-16 00:00:00,26.20833333
2020-02-17 00:00:00,26.625
2020-02-18 00:00:00,27.08333333
2020-02-19 00:00:00,26.95833333
2020-02-20 00:00:00,27.45833333
2020-02-21 00:00:00,28.70833333
2020-02-22 00:00:00,26.16666667
2020-02-23 00:00:00,27.125
2020-02-24 00:00:00,29.16666667
2020-02-25 00:00:00,28.0
2020-02-26 00:00:00,27.5
2020-02-27 00:00:00,27.25
2020-02-28 00:00:00,26.20833333
2020-02-29 00:00:00,26.41666667
2020-03-01 00:00:00,27.58333333
2020-03-02 00:00:00,29.125
2020-03-03 00:00:00,26.29166667
2020-03-04 00:00:00,25.25
2020-03-05 00:00:00,25.58333333
2020-03-06 00:00:00,25.5
2020-03-07 00:00:00,25.79166667
2020-03-08 00:00:00,27.16666667
2020-03-09 00:00:00,27.66666667
2020-03-10 00:00:00,28.16666667
2020-03-11 00:00:00,26.95833333
2020-03-12 00:00:00,26.83333333
2020-03-13 00:00:00,27.125
2020-03-14 00:00:00,26.70833333
2020-03-15 00:00:00,27.75
2020-03-16 00:00:00,28.375
2020-03-17 00:00:00,28.125
2020-03-18 00:00:00,28.625
2020-03-19 00:00:00,29.5
2020-03-20 00:00:00,28.29166667
2020-03-21 00:00:00,27.25
2020-03-22 00:00:00,27.91666667
2020-03-23 00:00:00,28.83333333
2020-03-24 00:00:00,31.0
2020-03-25 00:00:00,31.375
2020-03-26 00:00:00,31.91666667
2020-03-27 00:00:00,30.58333333
2020-03-28 00:00:00,30.5
2020-03-29 00:00:00,30.33333333
2020-03-30 00:00:00,29.95833333
2020-03-31 00:00:00,30.25
2020-04-01 00:00:00,30.33333333
2020-04-02 00:00:00,29.70833333
2020-04-03 00:00:00,29.91666667
2020-04-04 00:00:00,29.58333333
2020-04-05 00:00:00,29.75
2020-04-06 00:00:00,29.58333333
2020-04-07 00:00:00,30.75
2020-04-08 00:00:00,30.875
2020-04-09 00:00:00,29.58333333
2020-04-10 00:00:00,30.58333333
2020-04-11 00:00:00,30.70833333
2020-04-12 00:00:00,31.5
2020-04-13 00:00:00,31.16666667
2020-04-14 00:00:00,31.29166667
2020-04-15 00:00:00,30.04166667
2020-04-16 00:00:00,30.08333333
2020-04-17 00:00:00,28.75
2020-04-18 00:00:00,28.125
2020-04-19 00:00:00,30.125
2020-04-20 00:00:00,31.25
2020-04-21 00:00:00,30.79166667
2020-04-22 00:00:00,31.91666667
2020-04-23 00:00:00,30.79166667
2020-04-24 00:00:00,30.79166667
2020-04-25 00:00:00,31.04166667
2020-04-26 00:00:00,32.95833333
2020-04-27 00:00:00,33.41666667
2020-04-28 00:00:00,32.70833333
2020-04-29 00:00:00,30.79166667
2020-04-30 00:00:00,30.83333333
Grand Total,27.5284
