Date,TempC
01/01/2009,20.5
02/01/2009,20.95833333
03/01/2009,20.79166667
04/01/2009,21.20833333
05/01/2009,21.75
06/01/2009,20.95833333
07/01/2009,21.375
08/01/2009,23.08333333
09/01/2009,22.625
10/01/2009,23.875
11/01/2009,24.20833333
12/01/2009,23.5
13/01/2009,22.66666667
14/01/2009,23.125
15/01/2009,22.54166667
16/01/2009,22.375
17/01/2009,22.45833333
18/01/2009,22.625
19/01/2009,22.875
20/01/2009,23.25
21/01/2009,23.20833333
22/01/2009,22.83333333
23/01/2009,23.83333333
24/01/2009,23.375
25/01/2009,23.375
26/01/2009,23.41666667
27/01/2009,23.16666667
28/01/2009,23.54166667
29/01/2009,23.875
30/01/2009,25.04166667
31/01/2009,25.75
01/02/2009,25.16666667
02/02/2009,24.5
03/02/2009,23.83333333
04/02/2009,22.95833333
05/02/2009,22.66666667
06/02/2009,23.75
07/02/2009,24.375
08/02/2009,25
09/02/2009,25.45833333
10/02/2009,23.58333333
11/02/2009,21.875
12/02/2009,21.58333333
13/02/2009,21.625
14/02/2009,23.125
15/02/2009,24.58333333
16/02/2009,25.16666667
17/02/2009,25.20833333
18/02/2009,26.16666667
19/02/2009,26.375
20/02/2009,26.16666667
21/02/2009,26.08333333
22/02/2009,27.125
23/02/2009,27.33333333
24/02/2009,25.95833333
25/02/2009,25.79166667
26/02/2009,27.04166667
27/02/2009,28.45833333
28/02/2009,28.20833333
01/03/2009,27.83333333
02/03/2009,28.04166667
03/03/2009,28.83333333
04/03/2009,28.125
05/03/2009,27.66666667
06/03/2009,27.5
07/03/2009,27.70833333
08/03/2009,27.125
09/03/2009,27.25
10/03/2009,28.54166667
11/03/2009,28.79166667
12/03/2009,27.79166667
13/03/2009,25.25
14/03/2009,24.54166667
15/03/2009,26.29166667
16/03/2009,27.08333333
17/03/2009,27.75
18/03/2009,27.75
19/03/2009,27.5
20/03/2009,26.54166667
21/03/2009,25.41666667
22/03/2009,27
23/03/2009,28.41666667
24/03/2009,28.70833333
25/03/2009,29.20833333
26/03/2009,28.66666667
27/03/2009,27.5
28/03/2009,28.75
29/03/2009,29.625
30/03/2009,29.83333333
31/03/2009,30.08333333
01/04/2009,30.75
02/04/2009,30.75
03/04/2009,31.25
04/04/2009,30.08333333
05/04/2009,30.54166667
06/04/2009,30.125
07/04/2009,29.91666667
08/04/2009,27.41666667
09/04/2009,27.66666667
10/04/2009,29.54166667
11/04/2009,30.08333333
12/04/2009,30.45833333
13/04/2009,30.79166667
14/04/2009,29.70833333
15/04/2009,29.79166667
16/04/2009,29.375
17/04/2009,29.91666667
18/04/2009,31.95833333
19/04/2009,31.08333333
20/04/2009,28.83333333
21/04/2009,28.04166667
22/04/2009,27.83333333
23/04/2009,28.79166667
24/04/2009,30.54166667
25/04/2009,32
26/04/2009,32.20833333
27/04/2009,31.375
28/04/2009,30.95833333
29/04/2009,30.83333333
30/04/2009,30.20833333
01/05/2009,29.79166667
02/05/2009,30.66666667
03/05/2009,30.58333333
04/05/2009,29.45833333
05/05/2009,28.875
06/05/2009,29.375
07/05/2009,31.04166667
08/05/2009,31.5
09/05/2009,30.54166667
10/05/2009,29
11/05/2009,28.79166667
12/05/2009,28.45833333
13/05/2009,28.375
14/05/2009,28.08333333
15/05/2009,28.08333333
16/05/2009,28.54166667
17/05/2009,29.83333333
18/05/2009,29.625
19/05/2009,28.33333333
20/05/2009,27.58333333
21/05/2009,27.58333333
22/05/2009,27.54166667
23/05/2009,27.83333333
24/05/2009,27.875
25/05/2009,27.70833333
26/05/2009,28.04166667
27/05/2009,28.25
28/05/2009,28.54166667
29/05/2009,28.29166667
30/05/2009,27.875
31/05/2009,28.29166667
01/06/2009,27.95833333
02/06/2009,27.625
03/06/2009,27.45833333
04/06/2009,26.75
05/06/2009,26.45833333
06/06/2009,25.58333333
07/06/2009,24.125
08/06/2009,25.75
09/06/2009,26.25
10/06/2009,25.95833333
11/06/2009,26.25
12/06/2009,26.5
13/06/2009,27.29166667
14/06/2009,27.66666667
15/06/2009,27.45833333
16/06/2009,27.5
17/06/2009,28.04166667
18/06/2009,28.25
19/06/2009,27.25
20/06/2009,24.45833333
21/06/2009,24.95833333
22/06/2009,25.16666667
23/06/2009,23.91666667
24/06/2009,24.16666667
25/06/2009,24.16666667
26/06/2009,23.25
27/06/2009,22.70833333
28/06/2009,23.83333333
29/06/2009,24.41666667
30/06/2009,24.5
01/07/2009,24.83333333
02/07/2009,24.04166667
03/07/2009,22.875
04/07/2009,22.75
05/07/2009,22
06/07/2009,22.625
07/07/2009,22.45833333
08/07/2009,22.45833333
09/07/2009,22.25
10/07/2009,22.375
11/07/2009,22.54166667
12/07/2009,22.5
13/07/2009,22.41666667
14/07/2009,21.91666667
15/07/2009,21.375
16/07/2009,21.95833333
17/07/2009,22.08333333
18/07/2009,22.375
19/07/2009,22.54166667
20/07/2009,22.33333333
21/07/2009,22.29166667
22/07/2009,21.66666667
23/07/2009,21.95833333
24/07/2009,22.20833333
25/07/2009,22.33333333
26/07/2009,22.16666667
27/07/2009,21.83333333
28/07/2009,22.16666667
29/07/2009,22.41666667
30/07/2009,22.41666667
31/07/2009,22.41666667
01/08/2009,22.5
02/08/2009,22.41666667
03/08/2009,22.41666667
04/08/2009,22.25
05/08/2009,22.33333333
06/08/2009,22.29166667
07/08/2009,22.04166667
08/08/2009,22.5
09/08/2009,22.66666667
10/08/2009,22.375
11/08/2009,22.91666667
12/08/2009,23
13/08/2009,23.29166667
14/08/2009,23.04166667
15/08/2009,22.875
16/08/2009,22.54166667
17/08/2009,23.58333333
18/08/2009,23.75
19/08/2009,24.29166667
20/08/2009,23.75
21/08/2009,22.54166667
22/08/2009,22.79166667
23/08/2009,23.125
24/08/2009,22.29166667
25/08/2009,22.70833333
26/08/2009,22.41666667
27/08/2009,22.25
28/08/2009,22.08333333
29/08/2009,22.79166667
30/08/2009,22.79166667
31/08/2009,23.20833333
01/09/2009,23.04166667
02/09/2009,23
03/09/2009,22.66666667
04/09/2009,21.79166667
05/09/2009,21.625
06/09/2009,21.79166667
07/09/2009,22.70833333
08/09/2009,22.625
09/09/2009,23.33333333
10/09/2009,22.79166667
11/09/2009,22.375
12/09/2009,23.75
13/09/2009,22.16666667
14/09/2009,23.95833333
15/09/2009,23.45833333
16/09/2009,23.04166667
17/09/2009,23.875
18/09/2009,25.29166667
19/09/2009,23.08333333
20/09/2009,24.41666667
21/09/2009,24.83333333
22/09/2009,25.29166667
23/09/2009,25.125
24/09/2009,24.08333333
25/09/2009,24.66666667
26/09/2009,24.75
27/09/2009,24.54166667
28/09/2009,24
29/09/2009,24.95833333
30/09/2009,24.29166667
01/10/2009,25.08333333
02/10/2009,24.66666667
03/10/2009,23.83333333
04/10/2009,23.04166667
05/10/2009,22
06/10/2009,22.91666667
07/10/2009,22.625
08/10/2009,22.20833333
09/10/2009,21.75
10/10/2009,22.33333333
11/10/2009,23.5
12/10/2009,23.16666667
13/10/2009,23.08333333
14/10/2009,20.83333333
15/10/2009,23.75
16/10/2009,24.875
17/10/2009,23.125
18/10/2009,21.41666667
19/10/2009,23.45833333
20/10/2009,23.45833333
21/10/2009,22.95833333
22/10/2009,24.16666667
23/10/2009,23.79166667
24/10/2009,22.625
25/10/2009,22.66666667
26/10/2009,22.58333333
27/10/2009,22.58333333
28/10/2009,23.08333333
29/10/2009,24.20833333
30/10/2009,23.83333333
31/10/2009,23.70833333
01/11/2009,23.625
02/11/2009,23.79166667
03/11/2009,23.70833333
04/11/2009,23.91666667
05/11/2009,24.25
06/11/2009,24.16666667
07/11/2009,25.70833333
08/11/2009,23.95833333
09/11/2009,21.41666667
10/11/2009,20.75
11/11/2009,20.83333333
12/11/2009,21.58333333
13/11/2009,21.16666667
14/11/2009,20.95833333
15/11/2009,22.70833333
16/11/2009,21.66666667
17/11/2009,22.45833333
18/11/2009,22.375
19/11/2009,22
20/11/2009,21.45833333
21/11/2009,21.08333333
22/11/2009,20.66666667
23/11/2009,20.54166667
24/11/2009,20.125
25/11/2009,22.08333333
26/11/2009,22.41666667
27/11/2009,23.375
28/11/2009,21.79166667
29/11/2009,20
30/11/2009,19.41666667
01/12/2009,19.83333333
02/12/2009,20.70833333
03/12/2009,21.125
04/12/2009,22.29166667
05/12/2009,23.16666667
06/12/2009,23.08333333
07/12/2009,22.58333333
08/12/2009,21.91666667
09/12/2009,21.54166667
10/12/2009,21.5
11/12/2009,21.79166667
12/12/2009,21.33333333
13/12/2009,21.875
14/12/2009,24.29166667
15/12/2009,24.16666667
16/12/2009,23.58333333
17/12/2009,22.45833333
18/12/2009,23.41666667
19/12/2009,22.95833333
20/12/2009,23.5
21/12/2009,22.41666667
22/12/2009,22.91666667
23/12/2009,21.91666667
24/12/2009,20.45833333
25/12/2009,18.79166667
26/12/2009,19.125
27/12/2009,18.875
28/12/2009,19.29166667
29/12/2009,18.45833333
30/12/2009,19.95833333
31/12/2009,21.25
01/01/2010,23.08333333
02/01/2010,23.91666667
03/01/2010,24.08333333
04/01/2010,23.625
05/01/2010,23.54166667
06/01/2010,22.5
07/01/2010,21.29166667
08/01/2010,20.25
09/01/2010,21.875
10/01/2010,23.79166667
11/01/2010,23.54166667
12/01/2010,22.41666667
13/01/2010,20.95833333
14/01/2010,21.95833333
15/01/2010,23.41666667
16/01/2010,24
17/01/2010,23.5
18/01/2010,21.83333333
19/01/2010,22.41666667
20/01/2010,21.66666667
21/01/2010,21.66666667
22/01/2010,20.5
23/01/2010,20
24/01/2010,20.54166667
25/01/2010,21.45833333
26/01/2010,21.54166667
27/01/2010,21.375
28/01/2010,22.04166667
29/01/2010,23
30/01/2010,23.125
31/01/2010,23.41666667
01/02/2010,23.91666667
02/02/2010,22.875
03/02/2010,21.625
04/02/2010,21.875
05/02/2010,23.16666667
06/02/2010,23.20833333
07/02/2010,23.625
08/02/2010,23.95833333
09/02/2010,23
10/02/2010,23.41666667
11/02/2010,23.125
12/02/2010,23.08333333
13/02/2010,23.375
14/02/2010,23.91666667
15/02/2010,24.16666667
16/02/2010,25.875
17/02/2010,26.75
18/02/2010,26.58333333
19/02/2010,25.91666667
20/02/2010,26.16666667
21/02/2010,26.625
22/02/2010,26.375
23/02/2010,24.66666667
24/02/2010,21.45833333
25/02/2010,21.75
26/02/2010,23.625
27/02/2010,25.25
28/02/2010,26.66666667
01/03/2010,27.41666667
02/03/2010,27.5
03/03/2010,25.79166667
04/03/2010,25.375
05/03/2010,25
06/03/2010,24.20833333
07/03/2010,23.83333333
08/03/2010,26.08333333
09/03/2010,28.58333333
10/03/2010,29.95833333
11/03/2010,28.75
12/03/2010,29.04166667
13/03/2010,29.66666667
14/03/2010,27.66666667
15/03/2010,26.08333333
16/03/2010,26.79166667
17/03/2010,28.08333333
18/03/2010,28.20833333
19/03/2010,29.58333333
20/03/2010,29.41666667
21/03/2010,29.66666667
22/03/2010,29.41666667
23/03/2010,28.41666667
24/03/2010,27.625
25/03/2010,27.5
26/03/2010,27.75
27/03/2010,28.33333333
28/03/2010,28.5
29/03/2010,25.5
30/03/2010,26.20833333
31/03/2010,25.33333333
01/04/2010,24.70833333
02/04/2010,26.08333333
03/04/2010,28.625
04/04/2010,29.58333333
05/04/2010,30
06/04/2010,30.625
07/04/2010,30.70833333
08/04/2010,31.16666667
09/04/2010,27.875
10/04/2010,29
11/04/2010,30.58333333
12/04/2010,31.20833333
13/04/2010,29.08333333
14/04/2010,29
15/04/2010,30.70833333
16/04/2010,30.375
17/04/2010,30.16666667
18/04/2010,29.75
19/04/2010,28.58333333
20/04/2010,28.58333333
21/04/2010,29.45833333
22/04/2010,30.5
23/04/2010,30.70833333
24/04/2010,31.16666667
25/04/2010,30.95833333
26/04/2010,31.5
27/04/2010,31.54166667
28/04/2010,30.125
29/04/2010,30.41666667
30/04/2010,26.58333333
01/05/2010,28.20833333
02/05/2010,29.08333333
03/05/2010,29.625
04/05/2010,30.41666667
05/05/2010,30.04166667
06/05/2010,29.875
07/05/2010,30.5
08/05/2010,31.625
09/05/2010,31.04166667
10/05/2010,31.54166667
11/05/2010,30.91666667
12/05/2010,29.66666667
13/05/2010,29.16666667
14/05/2010,29.29166667
15/05/2010,29.45833333
16/05/2010,29.875
17/05/2010,30.33333333
18/05/2010,32.33333333
19/05/2010,31.45833333
20/05/2010,29.95833333
21/05/2010,29.75
22/05/2010,29.79166667
23/05/2010,29.58333333
24/05/2010,29.66666667
25/05/2010,28.875
26/05/2010,28.33333333
27/05/2010,27.91666667
28/05/2010,28.41666667
29/05/2010,28.83333333
30/05/2010,28.95833333
31/05/2010,28.91666667
01/06/2010,28.66666667
02/06/2010,27.70833333
03/06/2010,28.125
04/06/2010,28.25
05/06/2010,27.625
06/06/2010,26.83333333
07/06/2010,25.75
08/06/2010,26.41666667
09/06/2010,27.41666667
10/06/2010,27.41666667
11/06/2010,27.04166667
12/06/2010,28.29166667
13/06/2010,27.91666667
14/06/2010,25.58333333
15/06/2010,23.33333333
16/06/2010,23.29166667
17/06/2010,24.33333333
18/06/2010,24.95833333
19/06/2010,24.91666667
20/06/2010,25.08333333
21/06/2010,24.125
22/06/2010,24.58333333
23/06/2010,24.79166667
24/06/2010,23.66666667
25/06/2010,23.95833333
26/06/2010,25.33333333
27/06/2010,24.625
28/06/2010,24.5
29/06/2010,23.91666667
30/06/2010,24.375
01/07/2010,23.5
02/07/2010,22.45833333
03/07/2010,22.41666667
04/07/2010,23.16666667
05/07/2010,23.33333333
06/07/2010,22.75
07/07/2010,23.04166667
08/07/2010,23.20833333
09/07/2010,22.95833333
10/07/2010,23.95833333
11/07/2010,23.20833333
12/07/2010,23.33333333
13/07/2010,23.16666667
14/07/2010,23.125
15/07/2010,23.125
16/07/2010,24.04166667
17/07/2010,23.41666667
18/07/2010,24.04166667
19/07/2010,24.08333333
20/07/2010,23.66666667
21/07/2010,23.54166667
22/07/2010,22.83333333
23/07/2010,22.91666667
24/07/2010,22.75
25/07/2010,21.95833333
26/07/2010,21.79166667
27/07/2010,22.70833333
28/07/2010,22.79166667
29/07/2010,23.25
30/07/2010,23.75
31/07/2010,22.08333333
01/08/2010,22.08333333
02/08/2010,21.79166667
03/08/2010,21.66666667
04/08/2010,22.33333333
05/08/2010,23.25
06/08/2010,22.70833333
07/08/2010,20.79166667
08/08/2010,22.04166667
09/08/2010,22.95833333
10/08/2010,23.625
11/08/2010,24.08333333
12/08/2010,24.54166667
13/08/2010,23.66666667
14/08/2010,22.91666667
15/08/2010,24.33333333
16/08/2010,24.33333333
17/08/2010,23.75
18/08/2010,22.66666667
19/08/2010,23.375
20/08/2010,23.45833333
21/08/2010,23.29166667
22/08/2010,23.75
23/08/2010,23.41666667
24/08/2010,23.625
25/08/2010,23.79166667
26/08/2010,23.91666667
27/08/2010,23.5
28/08/2010,24.33333333
29/08/2010,22.95833333
30/08/2010,21.79166667
31/08/2010,21.58333333
01/09/2010,22.45833333
02/09/2010,23.04166667
03/09/2010,23.16666667
04/09/2010,23.04166667
05/09/2010,22.54166667
06/09/2010,22.625
07/09/2010,22.91666667
08/09/2010,22.29166667
09/09/2010,22.45833333
10/09/2010,23.16666667
11/09/2010,23.375
12/09/2010,23.70833333
13/09/2010,23.875
14/09/2010,24
15/09/2010,23.79166667
16/09/2010,23.58333333
17/09/2010,23.5
18/09/2010,23.375
19/09/2010,23.5
20/09/2010,23.29166667
21/09/2010,24.45833333
22/09/2010,24.66666667
23/09/2010,24.54166667
24/09/2010,24.625
25/09/2010,23.91666667
26/09/2010,24.25
27/09/2010,24.54166667
28/09/2010,23.70833333
29/09/2010,24.66666667
30/09/2010,24.45833333
01/10/2010,23.45833333
02/10/2010,23.58333333
03/10/2010,24.875
04/10/2010,24.58333333
05/10/2010,24.5
06/10/2010,24.33333333
07/10/2010,24.16666667
08/10/2010,24.20833333
09/10/2010,23.66666667
10/10/2010,22.58333333
11/10/2010,22.41666667
12/10/2010,22.91666667
13/10/2010,22.91666667
14/10/2010,22.83333333
15/10/2010,22.91666667
16/10/2010,23.29166667
17/10/2010,23.58333333
18/10/2010,24.04166667
19/10/2010,23.625
20/10/2010,24.04166667
21/10/2010,23.5
22/10/2010,23.29166667
23/10/2010,22.70833333
24/10/2010,22.125
25/10/2010,22
26/10/2010,22.29166667
27/10/2010,21.70833333
28/10/2010,22.83333333
29/10/2010,22.33333333
30/10/2010,22.08333333
31/10/2010,21.25
01/11/2010,20.33333333
02/11/2010,21.33333333
03/11/2010,23
04/11/2010,23.375
05/11/2010,23.25
06/11/2010,22.70833333
07/11/2010,20.58333333
08/11/2010,21.41666667
09/11/2010,22.625
10/11/2010,23.91666667
11/11/2010,23.41666667
12/11/2010,23.25
13/11/2010,23.5
14/11/2010,22.25
15/11/2010,23.20833333
16/11/2010,22.41666667
17/11/2010,22.16666667
18/11/2010,22.25
19/11/2010,22.75
20/11/2010,23.16666667
21/11/2010,22.58333333
22/11/2010,21.91666667
23/11/2010,22.375
24/11/2010,22.875
25/11/2010,22.625
26/11/2010,22.58333333
27/11/2010,20.45833333
28/11/2010,20.58333333
29/11/2010,21.25
30/11/2010,21.20833333
01/12/2010,21.58333333
02/12/2010,21.54166667
03/12/2010,21.79166667
04/12/2010,21.04166667
05/12/2010,20.375
06/12/2010,18.70833333
07/12/2010,18.70833333
08/12/2010,20.45833333
09/12/2010,21.91666667
10/12/2010,20.66666667
11/12/2010,18.58333333
12/12/2010,17
13/12/2010,17.58333333
14/12/2010,18.375
15/12/2010,19.33333333
16/12/2010,19.08333333
17/12/2010,18.58333333
18/12/2010,18.125
19/12/2010,16.95833333
20/12/2010,16.83333333
21/12/2010,18.375
22/12/2010,18.33333333
23/12/2010,18.83333333
24/12/2010,18.58333333
25/12/2010,19.04166667
26/12/2010,19.125
27/12/2010,20.29166667
28/12/2010,20.83333333
29/12/2010,20.375
30/12/2010,20.375
31/12/2010,20.16666667
01/01/2011,19.83333333
02/01/2011,20.875
03/01/2011,21.5
04/01/2011,22.29166667
05/01/2011,21.75
06/01/2011,19.79166667
07/01/2011,18
08/01/2011,18.125
09/01/2011,19.66666667
10/01/2011,19.375
11/01/2011,19.66666667
12/01/2011,19.29166667
13/01/2011,19.41666667
14/01/2011,19.83333333
15/01/2011,19.79166667
16/01/2011,19.41666667
17/01/2011,19.875
18/01/2011,20.70833333
19/01/2011,21.75
20/01/2011,22
21/01/2011,21.58333333
22/01/2011,20.75
23/01/2011,20.66666667
24/01/2011,21.20833333
25/01/2011,21.875
26/01/2011,22.29166667
27/01/2011,21.375
28/01/2011,21.91666667
29/01/2011,21.79166667
30/01/2011,22.125
31/01/2011,21.66666667
01/02/2011,22.29166667
02/02/2011,22.875
03/02/2011,22.75
04/02/2011,22.54166667
05/02/2011,22.25
06/02/2011,21.95833333
07/02/2011,22.41666667
08/02/2011,22.625
09/02/2011,22.375
10/02/2011,22.54166667
11/02/2011,22.5
12/02/2011,22.66666667
13/02/2011,23.29166667
14/02/2011,22.66666667
15/02/2011,21.20833333
16/02/2011,20.5
17/02/2011,21.25
18/02/2011,21.70833333
19/02/2011,22.08333333
20/02/2011,21.54166667
21/02/2011,22.20833333
22/02/2011,23.29166667
23/02/2011,24.33333333
24/02/2011,23.375
25/02/2011,22.875
26/02/2011,23
27/02/2011,25.95833333
28/02/2011,24.66666667
01/03/2011,25.16666667
02/03/2011,25.95833333
03/03/2011,25.625
04/03/2011,25.45833333
05/03/2011,25.875
06/03/2011,25.91666667
07/03/2011,27.58333333
08/03/2011,28.20833333
09/03/2011,26.45833333
10/03/2011,25.16666667
11/03/2011,25.04166667
12/03/2011,25.5
13/03/2011,26.70833333
14/03/2011,26.5
15/03/2011,26.95833333
16/03/2011,27.29166667
17/03/2011,26.5
18/03/2011,26.95833333
19/03/2011,27.45833333
20/03/2011,27
21/03/2011,26.45833333
22/03/2011,26.83333333
23/03/2011,26.875
24/03/2011,26.5
25/03/2011,26.625
26/03/2011,27.375
27/03/2011,27.875
28/03/2011,28.20833333
29/03/2011,28.625
30/03/2011,28.33333333
31/03/2011,28.08333333
01/04/2011,26.75
02/04/2011,25.66666667
03/04/2011,24.04166667
04/04/2011,25
05/04/2011,26.20833333
06/04/2011,27.25
07/04/2011,27.95833333
08/04/2011,28.125
09/04/2011,28.375
10/04/2011,28.125
11/04/2011,28.33333333
12/04/2011,29.125
13/04/2011,29.5
14/04/2011,29.58333333
15/04/2011,29.08333333
16/04/2011,28.83333333
17/04/2011,29.91666667
18/04/2011,29.33333333
19/04/2011,29.375
20/04/2011,28.5
21/04/2011,28.45833333
22/04/2011,28.375
23/04/2011,29.125
24/04/2011,28.70833333
25/04/2011,28.83333333
26/04/2011,29.75
27/04/2011,29.66666667
28/04/2011,29.20833333
29/04/2011,29.16666667
30/04/2011,29.45833333
01/05/2011,29.875
02/05/2011,29.04166667
03/05/2011,28.25
04/05/2011,27.16666667
05/05/2011,27.375
06/05/2011,27
07/05/2011,26.375
08/05/2011,28.375
09/05/2011,28.20833333
10/05/2011,28.375
11/05/2011,28.875
12/05/2011,28.5
13/05/2011,28.75
14/05/2011,29.875
15/05/2011,31.04166667
16/05/2011,27.625
17/05/2011,29.33333333
18/05/2011,29.75
19/05/2011,28.875
20/05/2011,28.16666667
21/05/2011,27.45833333
22/05/2011,27.75
23/05/2011,28.5
24/05/2011,28.75
25/05/2011,29.25
26/05/2011,29.95833333
27/05/2011,30.16666667
28/05/2011,29.5
29/05/2011,28.83333333
30/05/2011,28.54166667
31/05/2011,28.66666667
01/06/2011,28.70833333
02/06/2011,29.66666667
03/06/2011,29
04/06/2011,27.79166667
05/06/2011,26.70833333
06/06/2011,27.25
07/06/2011,28.54166667
08/06/2011,27.66666667
09/06/2011,25.08333333
10/06/2011,23.54166667
11/06/2011,24.25
12/06/2011,26.04166667
13/06/2011,25.875
14/06/2011,24.70833333
15/06/2011,24.95833333
16/06/2011,23.875
17/06/2011,24.54166667
18/06/2011,24.5
19/06/2011,24.66666667
20/06/2011,24.58333333
21/06/2011,24.375
22/06/2011,24.66666667
23/06/2011,24.70833333
24/06/2011,24.83333333
25/06/2011,23.875
26/06/2011,24.375
27/06/2011,24.5
28/06/2011,23.91666667
29/06/2011,22.75
30/06/2011,24.58333333
01/07/2011,25.20833333
02/07/2011,25.375
03/07/2011,25.04166667
04/07/2011,25.20833333
05/07/2011,25.5
06/07/2011,24.83333333
07/07/2011,24.25
08/07/2011,23.5
09/07/2011,23.41666667
10/07/2011,24.45833333
11/07/2011,24.29166667
12/07/2011,24.16666667
13/07/2011,22.95833333
14/07/2011,22.66666667
15/07/2011,24.375
16/07/2011,23.66666667
17/07/2011,23.125
18/07/2011,23
19/07/2011,22.58333333
20/07/2011,22.75
21/07/2011,23.25
22/07/2011,23.29166667
23/07/2011,23.66666667
24/07/2011,24.04166667
25/07/2011,25.20833333
26/07/2011,25.20833333
27/07/2011,23.75
28/07/2011,24.45833333
29/07/2011,24.625
30/07/2011,24.08333333
31/07/2011,22.25
01/08/2011,22.66666667
02/08/2011,22.625
03/08/2011,22.875
04/08/2011,23
05/08/2011,22.70833333
06/08/2011,23.25
07/08/2011,23.41666667
08/08/2011,23.29166667
09/08/2011,23.45833333
10/08/2011,23.58333333
11/08/2011,23.20833333
12/08/2011,22.83333333
13/08/2011,23.125
14/08/2011,22.41666667
15/08/2011,23.5
16/08/2011,23.66666667
17/08/2011,23.70833333
18/08/2011,23.91666667
19/08/2011,24.375
20/08/2011,24.375
21/08/2011,24.04166667
22/08/2011,24.66666667
23/08/2011,24
24/08/2011,22.375
25/08/2011,21.75
26/08/2011,22.29166667
27/08/2011,21.70833333
28/08/2011,22.25
29/08/2011,22.29166667
30/08/2011,22.79166667
31/08/2011,24.375
01/09/2011,24.16666667
02/09/2011,23.58333333
03/09/2011,22.41666667
04/09/2011,23.08333333
05/09/2011,23.08333333
06/09/2011,22.29166667
07/09/2011,22.625
08/09/2011,23.625
09/09/2011,23.66666667
10/09/2011,23.33333333
11/09/2011,23.625
12/09/2011,23.45833333
13/09/2011,23.79166667
14/09/2011,24.08333333
15/09/2011,23.375
16/09/2011,23.58333333
17/09/2011,23.70833333
18/09/2011,23.79166667
19/09/2011,23.66666667
20/09/2011,23.33333333
21/09/2011,22.70833333
22/09/2011,23.16666667
23/09/2011,22.66666667
24/09/2011,22.70833333
25/09/2011,23
26/09/2011,23.29166667
27/09/2011,23.625
28/09/2011,22.875
29/09/2011,23.83333333
30/09/2011,24.25
01/10/2011,24.16666667
02/10/2011,23.75
03/10/2011,23.04166667
04/10/2011,22.875
05/10/2011,24.04166667
06/10/2011,24.33333333
07/10/2011,24.58333333
08/10/2011,24.45833333
09/10/2011,25.16666667
10/10/2011,25.75
11/10/2011,25.16666667
12/10/2011,23.70833333
13/10/2011,24.75
14/10/2011,25.75
15/10/2011,26.08333333
16/10/2011,25.20833333
17/10/2011,24.875
18/10/2011,25.08333333
19/10/2011,24.875
20/10/2011,24.70833333
21/10/2011,24.33333333
22/10/2011,23.83333333
23/10/2011,23.91666667
24/10/2011,23.16666667
25/10/2011,22.83333333
26/10/2011,23.29166667
27/10/2011,23.20833333
28/10/2011,24.20833333
29/10/2011,24.04166667
30/10/2011,24.08333333
31/10/2011,23.79166667
01/11/2011,23.79166667
02/11/2011,23.54166667
03/11/2011,23.58333333
04/11/2011,23.75
05/11/2011,23.58333333
06/11/2011,23.54166667
07/11/2011,22.79166667
08/11/2011,23.20833333
09/11/2011,23.08333333
10/11/2011,22.45833333
11/11/2011,23
12/11/2011,23.29166667
13/11/2011,23.16666667
14/11/2011,23.45833333
15/11/2011,23.58333333
16/11/2011,22.5
17/11/2011,21
18/11/2011,21
19/11/2011,21.75
20/11/2011,22
21/11/2011,22.25
22/11/2011,21.54166667
23/11/2011,20.79166667
24/11/2011,20.875
25/11/2011,21.20833333
26/11/2011,22.79166667
27/11/2011,24.04166667
28/11/2011,24.125
29/11/2011,24.66666667
30/11/2011,24.5
01/12/2011,24.66666667
02/12/2011,23.95833333
03/12/2011,23.125
04/12/2011,23.45833333
05/12/2011,23.66666667
06/12/2011,23.70833333
07/12/2011,23.125
08/12/2011,21.70833333
09/12/2011,21.91666667
10/12/2011,22.875
11/12/2011,22.41666667
12/12/2011,22.25
13/12/2011,22.375
14/12/2011,21.75
15/12/2011,20.79166667
16/12/2011,20.375
17/12/2011,21
18/12/2011,21.33333333
19/12/2011,21.20833333
20/12/2011,20.91666667
21/12/2011,21.33333333
22/12/2011,20.83333333
23/12/2011,20.54166667
24/12/2011,21
25/12/2011,20.58333333
26/12/2011,20.875
27/12/2011,19.95833333
28/12/2011,20.375
29/12/2011,20.45833333
30/12/2011,21.125
31/12/2011,23.08333333
01/01/2012,23.20833333
02/01/2012,23.16666667
03/01/2012,23.04166667
04/01/2012,22.875
05/01/2012,23.875
06/01/2012,22.79166667
07/01/2012,20.75
08/01/2012,19.875
09/01/2012,21.125
10/01/2012,19.16666667
11/01/2012,18.95833333
12/01/2012,18.625
13/01/2012,19
14/01/2012,19.25
15/01/2012,19.75
16/01/2012,20.70833333
17/01/2012,20.91666667
18/01/2012,19.20833333
19/01/2012,18.20833333
20/01/2012,19.29166667
21/01/2012,20
22/01/2012,20.83333333
23/01/2012,21.20833333
24/01/2012,22
25/01/2012,21.83333333
26/01/2012,21.29166667
27/01/2012,21.58333333
28/01/2012,20.375
29/01/2012,19.33333333
30/01/2012,21.58333333
31/01/2012,23
01/02/2012,22.54166667
02/02/2012,23.08333333
03/02/2012,22.79166667
04/02/2012,23.375
05/02/2012,23.66666667
06/02/2012,24.04166667
07/02/2012,23
08/02/2012,21.66666667
09/02/2012,20.58333333
10/02/2012,22.125
11/02/2012,23.20833333
12/02/2012,23.875
13/02/2012,24.04166667
14/02/2012,24.08333333
15/02/2012,23.20833333
16/02/2012,21.66666667
17/02/2012,23.08333333
18/02/2012,25.41666667
19/02/2012,26.45833333
20/02/2012,26.75
21/02/2012,26.875
22/02/2012,26.66666667
23/02/2012,26.5
24/02/2012,26.33333333
25/02/2012,26.66666667
26/02/2012,26.70833333
27/02/2012,27.66666667
28/02/2012,25.91666667
29/02/2012,23.625
01/03/2012,22.5
02/03/2012,22.08333333
03/03/2012,23.375
04/03/2012,26
05/03/2012,27.375
06/03/2012,26
07/03/2012,23.875
08/03/2012,21.54166667
09/03/2012,22.08333333
10/03/2012,24.08333333
11/03/2012,25.25
12/03/2012,25.70833333
13/03/2012,26.58333333
14/03/2012,26.66666667
15/03/2012,27.83333333
16/03/2012,28.375
17/03/2012,28.54166667
18/03/2012,28.75
19/03/2012,29
20/03/2012,29.66666667
21/03/2012,29.875
22/03/2012,29.75
23/03/2012,29.54166667
24/03/2012,29.66666667
25/03/2012,29.41666667
26/03/2012,29.125
27/03/2012,29.41666667
28/03/2012,30.16666667
29/03/2012,30.125
30/03/2012,28.33333333
31/03/2012,28.66666667
01/04/2012,30.75
02/04/2012,30.95833333
03/04/2012,29.91666667
04/04/2012,29.79166667
05/04/2012,28.625
06/04/2012,28.20833333
07/04/2012,28.41666667
08/04/2012,30.08333333
09/04/2012,30.29166667
10/04/2012,29.875
11/04/2012,29.33333333
12/04/2012,28.54166667
13/04/2012,28.66666667
14/04/2012,29.95833333
15/04/2012,31.33333333
16/04/2012,31
17/04/2012,30.41666667
18/04/2012,30.625
19/04/2012,30.70833333
20/04/2012,28.33333333
21/04/2012,29.75
22/04/2012,30.33333333
23/04/2012,29.20833333
24/04/2012,28.75
25/04/2012,30.25
26/04/2012,30.875
27/04/2012,30.5
28/04/2012,30
29/04/2012,29.375
30/04/2012,29.29166667
01/05/2012,28.66666667
02/05/2012,28.29166667
03/05/2012,28.66666667
04/05/2012,27.95833333
05/05/2012,27.33333333
06/05/2012,27.08333333
07/05/2012,28.625
08/05/2012,29.95833333
09/05/2012,30.125
10/05/2012,29.79166667
11/05/2012,29.95833333
12/05/2012,28.95833333
13/05/2012,28.29166667
14/05/2012,29.45833333
15/05/2012,30.25
16/05/2012,29.95833333
17/05/2012,29.54166667
18/05/2012,29.75
19/05/2012,30.25
20/05/2012,29.58333333
21/05/2012,29.29166667
22/05/2012,28.5
23/05/2012,28.91666667
24/05/2012,28.83333333
25/05/2012,29
26/05/2012,28.875
27/05/2012,28.375
28/05/2012,28.25
29/05/2012,28.79166667
30/05/2012,27.625
31/05/2012,27.41666667
01/06/2012,27.45833333
02/06/2012,27.58333333
03/06/2012,28.04166667
04/06/2012,28.29166667
05/06/2012,25.29166667
06/06/2012,24.70833333
07/06/2012,26.875
08/06/2012,26.20833333
09/06/2012,25.58333333
10/06/2012,25.70833333
11/06/2012,26.70833333
12/06/2012,27.08333333
13/06/2012,27.25
14/06/2012,26.91666667
15/06/2012,27.04166667
16/06/2012,26.66666667
17/06/2012,25.79166667
18/06/2012,24.5
19/06/2012,25.45833333
20/06/2012,25.66666667
21/06/2012,25.5
22/06/2012,26.04166667
23/06/2012,26.16666667
24/06/2012,25.625
25/06/2012,26.16666667
26/06/2012,25.75
27/06/2012,25.75
28/06/2012,25
29/06/2012,25.375
30/06/2012,25.20833333
01/07/2012,25.41666667
02/07/2012,25.625
03/07/2012,23.91666667
04/07/2012,22.875
05/07/2012,25.125
06/07/2012,25.25
07/07/2012,25.79166667
08/07/2012,25.83333333
09/07/2012,25.54166667
10/07/2012,25.75
11/07/2012,25.95833333
12/07/2012,26.25
13/07/2012,25.875
14/07/2012,25.375
15/07/2012,24.91666667
16/07/2012,25.66666667
17/07/2012,25.5
18/07/2012,24.375
19/07/2012,23.58333333
20/07/2012,24.79166667
21/07/2012,24.95833333
22/07/2012,24.25
23/07/2012,23.25
24/07/2012,23.20833333
25/07/2012,23.70833333
26/07/2012,23
27/07/2012,23.16666667
28/07/2012,23
29/07/2012,23.79166667
30/07/2012,22.91666667
31/07/2012,22.70833333
01/08/2012,23.20833333
02/08/2012,23
03/08/2012,22.91666667
04/08/2012,23.125
05/08/2012,23.83333333
06/08/2012,22.875
07/08/2012,23.33333333
08/08/2012,23.04166667
09/08/2012,22.70833333
10/08/2012,22.58333333
11/08/2012,23.08333333
12/08/2012,23.25
13/08/2012,23.08333333
14/08/2012,23.25
15/08/2012,23.33333333
16/08/2012,23.75
17/08/2012,24.08333333
18/08/2012,23.5
19/08/2012,23.08333333
20/08/2012,24.33333333
21/08/2012,23.79166667
22/08/2012,24.41666667
23/08/2012,25.125
24/08/2012,24.75
25/08/2012,24.875
26/08/2012,24.29166667
27/08/2012,23.70833333
28/08/2012,23.125
29/08/2012,24.66666667
30/08/2012,24.83333333
31/08/2012,24.41666667
01/09/2012,24.625
02/09/2012,25
03/09/2012,23.16666667
04/09/2012,22.83333333
05/09/2012,23.33333333
06/09/2012,22.75
07/09/2012,24
08/09/2012,23.33333333
09/09/2012,23.83333333
10/09/2012,23.625
11/09/2012,22.95833333
12/09/2012,23.95833333
13/09/2012,23.75
14/09/2012,23.83333333
15/09/2012,23.04166667
16/09/2012,22.83333333
17/09/2012,23.45833333
18/09/2012,23.20833333
19/09/2012,23.79166667
20/09/2012,23.33333333
21/09/2012,22.83333333
22/09/2012,23
23/09/2012,23.5
24/09/2012,22.95833333
25/09/2012,22.58333333
26/09/2012,23.625
27/09/2012,24.16666667
28/09/2012,24.58333333
29/09/2012,25.45833333
30/09/2012,25.625
01/10/2012,24.75
02/10/2012,24.66666667
03/10/2012,24.125
04/10/2012,23.83333333
05/10/2012,22.58333333
06/10/2012,24.125
07/10/2012,23.66666667
08/10/2012,24.54166667
09/10/2012,24.45833333
10/10/2012,24.70833333
11/10/2012,24.79166667
12/10/2012,24.625
13/10/2012,24.58333333
14/10/2012,23.875
15/10/2012,24.45833333
16/10/2012,24.20833333
17/10/2012,24.25
18/10/2012,24.5
19/10/2012,24.20833333
20/10/2012,23.79166667
21/10/2012,23.41666667
22/10/2012,21.41666667
23/10/2012,23.875
24/10/2012,23.125
25/10/2012,24.41666667
26/10/2012,24.125
27/10/2012,24.16666667
28/10/2012,24
29/10/2012,23.41666667
30/10/2012,21.54166667
31/10/2012,22.375
01/11/2012,23.20833333
02/11/2012,23.83333333
03/11/2012,24.125
04/11/2012,23.91666667
05/11/2012,23.95833333
06/11/2012,24.25
07/11/2012,24.54166667
08/11/2012,24
09/11/2012,23.58333333
10/11/2012,24
11/11/2012,24.45833333
12/11/2012,24.125
13/11/2012,23.33333333
14/11/2012,22.70833333
15/11/2012,22.29166667
16/11/2012,20.91666667
17/11/2012,20.29166667
18/11/2012,20.29166667
19/11/2012,20.16666667
20/11/2012,20.20833333
21/11/2012,21.5
22/11/2012,22.95833333
23/11/2012,24.04166667
24/11/2012,23.75
25/11/2012,24.5
26/11/2012,24.95833333
27/11/2012,24.25
28/11/2012,23.625
29/11/2012,22.66666667
30/11/2012,21.79166667
01/12/2012,21.75
02/12/2012,22.54166667
03/12/2012,22.66666667
04/12/2012,22.41666667
05/12/2012,23.66666667
06/12/2012,24.625
07/12/2012,24.66666667
08/12/2012,25.04166667
09/12/2012,24.95833333
10/12/2012,23.58333333
11/12/2012,21.70833333
12/12/2012,20.875
13/12/2012,20.79166667
14/12/2012,20.70833333
15/12/2012,22.45833333
16/12/2012,22.33333333
17/12/2012,22.33333333
18/12/2012,22.20833333
19/12/2012,21.5
20/12/2012,21.54166667
21/12/2012,22.375
22/12/2012,22.75
23/12/2012,22.91666667
24/12/2012,22.5
25/12/2012,21.91666667
26/12/2012,20.5
27/12/2012,19.79166667
28/12/2012,20.58333333
29/12/2012,21.16666667
30/12/2012,23.20833333
31/12/2012,24.79166667
01/01/2013,24.66666667
02/01/2013,23.75
03/01/2013,23.29166667
04/01/2013,22.41666667
05/01/2013,20.875
06/01/2013,19.95833333
07/01/2013,20.16666667
08/01/2013,21.08333333
09/01/2013,22.45833333
10/01/2013,23.04166667
11/01/2013,23.29166667
12/01/2013,22.83333333
13/01/2013,23.04166667
14/01/2013,23.45833333
15/01/2013,23.16666667
16/01/2013,22.83333333
17/01/2013,22.125
18/01/2013,21.08333333
19/01/2013,21.66666667
20/01/2013,21.75
21/01/2013,21.95833333
22/01/2013,22.58333333
23/01/2013,22.29166667
24/01/2013,22.20833333
25/01/2013,22.29166667
26/01/2013,23.04166667
27/01/2013,23.25
28/01/2013,23.20833333
29/01/2013,23.04166667
30/01/2013,23.04166667
31/01/2013,24.375
01/02/2013,25.70833333
02/02/2013,24.91666667
03/02/2013,25
04/02/2013,23.83333333
05/02/2013,22.54166667
06/02/2013,22.95833333
07/02/2013,23.125
08/02/2013,23.54166667
09/02/2013,24.875
10/02/2013,25.29166667
11/02/2013,25.70833333
12/02/2013,26.875
13/02/2013,26.91666667
14/02/2013,27.45833333
15/02/2013,25.875
16/02/2013,22
17/02/2013,20.70833333
18/02/2013,22.95833333
19/02/2013,24.54166667
20/02/2013,25.16666667
21/02/2013,26.33333333
22/02/2013,26.33333333
23/02/2013,25.54166667
24/02/2013,24.75
25/02/2013,26.125
26/02/2013,25.875
27/02/2013,25.5
28/02/2013,26.75
01/03/2013,27.33333333
02/03/2013,27.29166667
03/03/2013,27.16666667
04/03/2013,26.75
05/03/2013,27.45833333
06/03/2013,27.625
07/03/2013,28.08333333
08/03/2013,28.75
09/03/2013,28.66666667
10/03/2013,27.91666667
11/03/2013,28.04166667
12/03/2013,26.75
13/03/2013,26.125
14/03/2013,26.95833333
15/03/2013,28.33333333
16/03/2013,27.79166667
17/03/2013,28.125
18/03/2013,28.5
19/03/2013,27.54166667
20/03/2013,26.70833333
21/03/2013,27.54166667
22/03/2013,27.79166667
23/03/2013,27.58333333
24/03/2013,28.04166667
25/03/2013,29.08333333
26/03/2013,28.45833333
27/03/2013,27.75
28/03/2013,27.66666667
29/03/2013,27.25
30/03/2013,28.29166667
31/03/2013,29
01/04/2013,28.20833333
02/04/2013,26.95833333
03/04/2013,26.95833333
04/04/2013,27.08333333
05/04/2013,28.91666667
06/04/2013,27.625
07/04/2013,27.375
08/04/2013,28.875
09/04/2013,29.625
10/04/2013,29.16666667
11/04/2013,29.33333333
12/04/2013,30.58333333
13/04/2013,31.29166667
14/04/2013,30.33333333
15/04/2013,28.79166667
16/04/2013,26.41666667
17/04/2013,25.45833333
18/04/2013,25.33333333
19/04/2013,25.75
20/04/2013,26.04166667
21/04/2013,27.54166667
22/04/2013,28.79166667
23/04/2013,29.45833333
24/04/2013,30.20833333
25/04/2013,31.33333333
26/04/2013,31.75
27/04/2013,32.20833333
28/04/2013,31.875
29/04/2013,31.5
30/04/2013,32.375
01/05/2013,33
02/05/2013,31.41666667
03/05/2013,29.41666667
04/05/2013,28.95833333
05/05/2013,29.79166667
06/05/2013,29.75
07/05/2013,30
08/05/2013,30.25
09/05/2013,30.08333333
10/05/2013,29.83333333
11/05/2013,29.95833333
12/05/2013,28.75
13/05/2013,28.79166667
14/05/2013,28.91666667
15/05/2013,28.125
16/05/2013,27.16666667
17/05/2013,28.20833333
18/05/2013,29.95833333
19/05/2013,30.25
20/05/2013,31.54166667
21/05/2013,29.83333333
22/05/2013,29.83333333
23/05/2013,29.16666667
24/05/2013,28.66666667
25/05/2013,28.41666667
26/05/2013,28.875
27/05/2013,28.66666667
28/05/2013,28.66666667
29/05/2013,28.5
30/05/2013,28.54166667
31/05/2013,28.375
01/06/2013,28.25
02/06/2013,28.58333333
03/06/2013,27.16666667
04/06/2013,27.33333333
05/06/2013,28
06/06/2013,27.58333333
07/06/2013,27.41666667
08/06/2013,25.625
09/06/2013,23.45833333
10/06/2013,23.75
11/06/2013,25.16666667
12/06/2013,25.125
13/06/2013,24.58333333
14/06/2013,23.54166667
15/06/2013,23.875
16/06/2013,23.41666667
17/06/2013,23.41666667
18/06/2013,23.45833333
19/06/2013,24.79166667
20/06/2013,25.16666667
21/06/2013,25.20833333
22/06/2013,24.95833333
23/06/2013,25
24/06/2013,25.29166667
25/06/2013,23.625
26/06/2013,23.70833333
27/06/2013,23.70833333
28/06/2013,23.875
29/06/2013,23.95833333
30/06/2013,23.83333333
01/07/2013,23.91666667
02/07/2013,24.66666667
03/07/2013,23.91666667
04/07/2013,23.29166667
05/07/2013,23.79166667
06/07/2013,24.33333333
07/07/2013,24.875
08/07/2013,23.16666667
09/07/2013,23.45833333
10/07/2013,23.08333333
11/07/2013,22.33333333
12/07/2013,22.20833333
13/07/2013,23.58333333
14/07/2013,24
15/07/2013,23.45833333
16/07/2013,22.79166667
17/07/2013,23.33333333
18/07/2013,23.125
19/07/2013,22.91666667
20/07/2013,22.83333333
21/07/2013,22.79166667
22/07/2013,22.54166667
23/07/2013,22.83333333
24/07/2013,22.375
25/07/2013,22.20833333
26/07/2013,22.29166667
27/07/2013,22.08333333
28/07/2013,22.16666667
29/07/2013,22.08333333
30/07/2013,21.91666667
31/07/2013,21.33333333
01/08/2013,21.875
02/08/2013,21.41666667
03/08/2013,22.79166667
04/08/2013,23.54166667
05/08/2013,23.79166667
06/08/2013,22.5
07/08/2013,23.08333333
08/08/2013,22.875
09/08/2013,22.58333333
10/08/2013,22.45833333
11/08/2013,22.95833333
12/08/2013,23.625
13/08/2013,22.95833333
14/08/2013,23.16666667
15/08/2013,24.25
16/08/2013,24.125
17/08/2013,24.375
18/08/2013,23.79166667
19/08/2013,23.41666667
20/08/2013,23.04166667
21/08/2013,22.5
22/08/2013,22.08333333
23/08/2013,21.70833333
24/08/2013,21.70833333
25/08/2013,23.20833333
26/08/2013,21.70833333
27/08/2013,22.875
28/08/2013,23.66666667
29/08/2013,24
30/08/2013,24.25
31/08/2013,24.29166667
01/09/2013,24.58333333
02/09/2013,24.79166667
03/09/2013,23.58333333
04/09/2013,24
05/09/2013,23.70833333
06/09/2013,23.79166667
07/09/2013,23.79166667
08/09/2013,24
09/09/2013,24.04166667
10/09/2013,24.16666667
11/09/2013,24.83333333
12/09/2013,25.91666667
13/09/2013,25.95833333
14/09/2013,25.79166667
15/09/2013,24.625
16/09/2013,24.45833333
17/09/2013,23.91666667
18/09/2013,24.125
19/09/2013,23.41666667
20/09/2013,23.58333333
21/09/2013,23.54166667
22/09/2013,22.66666667
23/09/2013,22.25
24/09/2013,21.58333333
25/09/2013,23
26/09/2013,23.625
27/09/2013,23.70833333
28/09/2013,23.33333333
29/09/2013,23.29166667
30/09/2013,23.79166667
01/10/2013,24.25
02/10/2013,24.125
03/10/2013,24.83333333
04/10/2013,24.70833333
05/10/2013,24.33333333
06/10/2013,23.91666667
07/10/2013,24.54166667
08/10/2013,24.375
09/10/2013,23.29166667
10/10/2013,22.91666667
11/10/2013,22.66666667
12/10/2013,22.875
13/10/2013,23.45833333
14/10/2013,23.83333333
15/10/2013,24.125
16/10/2013,24.375
17/10/2013,24.91666667
18/10/2013,24.83333333
19/10/2013,25.08333333
20/10/2013,25.16666667
21/10/2013,24.54166667
22/10/2013,24.08333333
23/10/2013,24.08333333
24/10/2013,24.25
25/10/2013,24.79166667
26/10/2013,24.875
27/10/2013,24.375
28/10/2013,24.29166667
29/10/2013,24.58333333
30/10/2013,24.58333333
31/10/2013,23.375
01/11/2013,22.5
02/11/2013,23.75
03/11/2013,24.66666667
04/11/2013,24.41666667
05/11/2013,23.125
06/11/2013,22.5
07/11/2013,22.95833333
08/11/2013,23.375
09/11/2013,23.33333333
10/11/2013,22.04166667
11/11/2013,21.58333333
12/11/2013,21.41666667
13/11/2013,21.58333333
14/11/2013,21.75
15/11/2013,20.95833333
16/11/2013,20.375
17/11/2013,21.20833333
18/11/2013,23.04166667
19/11/2013,23.54166667
20/11/2013,21.875
21/11/2013,21.54166667
22/11/2013,20.83333333
23/11/2013,21.75
24/11/2013,23.54166667
25/11/2013,24.20833333
26/11/2013,24.54166667
27/11/2013,24.125
28/11/2013,22.08333333
29/11/2013,22.375
30/11/2013,23.54166667
01/12/2013,24.58333333
02/12/2013,24.04166667
03/12/2013,23.45833333
04/12/2013,22.91666667
05/12/2013,22.54166667
06/12/2013,21.375
07/12/2013,19.83333333
08/12/2013,19.33333333
09/12/2013,19.79166667
10/12/2013,20.08333333
11/12/2013,20.16666667
12/12/2013,19.41666667
13/12/2013,18.66666667
14/12/2013,19.58333333
15/12/2013,20.66666667
16/12/2013,20.625
17/12/2013,19.875
18/12/2013,19.66666667
19/12/2013,19.75
20/12/2013,20.25
21/12/2013,20.33333333
22/12/2013,20.95833333
23/12/2013,21.20833333
24/12/2013,20.83333333
25/12/2013,21.16666667
26/12/2013,21.45833333
27/12/2013,20.91666667
28/12/2013,21.08333333
29/12/2013,21.25
30/12/2013,21.33333333
31/12/2013,21.58333333
01/01/2014,21.875
02/01/2014,22
03/01/2014,21.79166667
04/01/2014,22.16666667
05/01/2014,21.45833333
06/01/2014,21.375
07/01/2014,22.16666667
08/01/2014,22.83333333
09/01/2014,22.20833333
10/01/2014,21.08333333
11/01/2014,19.54166667
12/01/2014,20.91666667
13/01/2014,22.66666667
14/01/2014,23.125
15/01/2014,22.66666667
16/01/2014,22.70833333
17/01/2014,21
18/01/2014,20.16666667
19/01/2014,22.125
20/01/2014,23.45833333
21/01/2014,22.04166667
22/01/2014,22.95833333
23/01/2014,22.79166667
24/01/2014,23.45833333
25/01/2014,23.75
26/01/2014,23.54166667
27/01/2014,23.20833333
28/01/2014,22.20833333
29/01/2014,22.08333333
30/01/2014,23.20833333
31/01/2014,23.375
01/02/2014,23.08333333
02/02/2014,23.75
03/02/2014,24.25
04/02/2014,24.625
05/02/2014,24.625
06/02/2014,24.79166667
07/02/2014,24.625
08/02/2014,23.33333333
09/02/2014,21.95833333
10/02/2014,21.16666667
11/02/2014,21.54166667
12/02/2014,21.66666667
13/02/2014,20.33333333
14/02/2014,19.5
15/02/2014,18.58333333
16/02/2014,19.5
17/02/2014,21.33333333
18/02/2014,22.79166667
19/02/2014,24.58333333
20/02/2014,24.95833333
21/02/2014,23.54166667
22/02/2014,22.75
23/02/2014,24.625
24/02/2014,25.95833333
25/02/2014,26.125
26/02/2014,25.04166667
27/02/2014,23.79166667
28/02/2014,21.58333333
01/03/2014,20.75
02/03/2014,22.45833333
03/03/2014,23.29166667
04/03/2014,23.5
05/03/2014,23.91666667
06/03/2014,24.25
07/03/2014,24.83333333
08/03/2014,24.83333333
09/03/2014,24.125
10/03/2014,24.41666667
11/03/2014,25.70833333
12/03/2014,26.91666667
13/03/2014,26.5
14/03/2014,27.91666667
15/03/2014,28.54166667
16/03/2014,29.16666667
17/03/2014,28.79166667
18/03/2014,28.41666667
19/03/2014,29.79166667
20/03/2014,29.91666667
21/03/2014,28.70833333
22/03/2014,27.08333333
23/03/2014,28.29166667
24/03/2014,28.45833333
25/03/2014,28.79166667
26/03/2014,28.70833333
27/03/2014,29.95833333
28/03/2014,29.91666667
29/03/2014,30.79166667
30/03/2014,31.54166667
31/03/2014,30.66666667
01/04/2014,28.95833333
02/04/2014,28.70833333
03/04/2014,29.83333333
04/04/2014,31.25
05/04/2014,31
06/04/2014,30.625
07/04/2014,28.625
08/04/2014,28.5
09/04/2014,28.875
10/04/2014,28.83333333
11/04/2014,28.58333333
12/04/2014,28.04166667
13/04/2014,27.83333333
14/04/2014,28.58333333
15/04/2014,29.25
16/04/2014,29.66666667
17/04/2014,29.70833333
18/04/2014,29.33333333
19/04/2014,30.04166667
20/04/2014,31.04166667
21/04/2014,31.83333333
22/04/2014,31.75
23/04/2014,32.58333333
24/04/2014,32.70833333
25/04/2014,32.08333333
26/04/2014,32.625
27/04/2014,32.45833333
28/04/2014,31.75
29/04/2014,31.95833333
30/04/2014,31.5
01/05/2014,31.91666667
02/05/2014,31
03/05/2014,31.58333333
04/05/2014,31.20833333
05/05/2014,31.54166667
06/05/2014,32.70833333
07/05/2014,32.375
08/05/2014,31
09/05/2014,29.91666667
10/05/2014,28.625
11/05/2014,28.04166667
12/05/2014,28.25
13/05/2014,28.79166667
14/05/2014,28.625
15/05/2014,28.875
16/05/2014,29.20833333
17/05/2014,29.83333333
18/05/2014,29.91666667
19/05/2014,30.20833333
20/05/2014,31.16666667
21/05/2014,31.04166667
22/05/2014,29.875
23/05/2014,29.875
24/05/2014,30.58333333
25/05/2014,30.45833333
26/05/2014,30.91666667
27/05/2014,30.33333333
28/05/2014,30.75
29/05/2014,30.20833333
30/05/2014,29.875
31/05/2014,29.75
01/06/2014,30.08333333
02/06/2014,30.83333333
03/06/2014,29.95833333
04/06/2014,29.79166667
05/06/2014,30.125
06/06/2014,29.625
07/06/2014,29.75
08/06/2014,29.5
09/06/2014,29.54166667
10/06/2014,30.95833333
11/06/2014,29.41666667
12/06/2014,28.75
13/06/2014,28.25
14/06/2014,27.83333333
15/06/2014,27.375
16/06/2014,27.33333333
17/06/2014,26.04166667
18/06/2014,27.125
19/06/2014,26.95833333
20/06/2014,26.20833333
21/06/2014,26.08333333
22/06/2014,26.16666667
23/06/2014,25.70833333
24/06/2014,25.95833333
25/06/2014,26.25
26/06/2014,27.08333333
27/06/2014,27.20833333
28/06/2014,27.58333333
29/06/2014,27.16666667
30/06/2014,27
01/07/2014,26.625
02/07/2014,26.45833333
03/07/2014,25.79166667
04/07/2014,26.375
05/07/2014,26.875
06/07/2014,26.95833333
07/07/2014,26.875
08/07/2014,25.58333333
09/07/2014,25.54166667
10/07/2014,24.625
11/07/2014,24.04166667
12/07/2014,23.79166667
13/07/2014,24.83333333
14/07/2014,24.58333333
15/07/2014,24.08333333
16/07/2014,23
17/07/2014,23.20833333
18/07/2014,23.45833333
19/07/2014,23.375
20/07/2014,23.5
21/07/2014,23.41666667
22/07/2014,23
23/07/2014,22.375
24/07/2014,22.5
25/07/2014,23.29166667
26/07/2014,24.29166667
27/07/2014,24
28/07/2014,23.33333333
29/07/2014,22.79166667
30/07/2014,22.5
31/07/2014,22.45833333
01/08/2014,23.16666667
02/08/2014,23.29166667
03/08/2014,22.91666667
04/08/2014,22.25
05/08/2014,22.375
06/08/2014,21.66666667
07/08/2014,22.33333333
08/08/2014,23.16666667
09/08/2014,23.125
10/08/2014,23.66666667
11/08/2014,23.83333333
12/08/2014,23.625
13/08/2014,22.95833333
14/08/2014,23.83333333
15/08/2014,23.20833333
16/08/2014,22.875
17/08/2014,23.70833333
18/08/2014,24.95833333
19/08/2014,25.20833333
20/08/2014,26.04166667
21/08/2014,25.91666667
22/08/2014,25.70833333
23/08/2014,26.54166667
24/08/2014,26.45833333
25/08/2014,25.125
26/08/2014,22.83333333
27/08/2014,21.375
28/08/2014,23.625
29/08/2014,24.29166667
30/08/2014,23.875
31/08/2014,23.16666667
01/09/2014,22.45833333
02/09/2014,22.83333333
03/09/2014,22.95833333
04/09/2014,23.20833333
05/09/2014,23.04166667
06/09/2014,23.66666667
07/09/2014,23.125
08/09/2014,21.20833333
09/09/2014,21.91666667
10/09/2014,23.125
11/09/2014,23.58333333
12/09/2014,23.625
13/09/2014,23.70833333
14/09/2014,23.83333333
15/09/2014,23.91666667
16/09/2014,23.66666667
17/09/2014,23.66666667
18/09/2014,23.95833333
19/09/2014,24.04166667
20/09/2014,23.41666667
21/09/2014,23.75
22/09/2014,24.04166667
23/09/2014,25.08333333
24/09/2014,25.08333333
25/09/2014,25.58333333
26/09/2014,26
27/09/2014,25.625
28/09/2014,26.20833333
29/09/2014,26.54166667
30/09/2014,26.33333333
01/10/2014,26.29166667
02/10/2014,26.75
03/10/2014,26.95833333
04/10/2014,26.875
05/10/2014,26.91666667
06/10/2014,26.75
07/10/2014,26.29166667
08/10/2014,25.41666667
09/10/2014,26
10/10/2014,27
11/10/2014,26.875
12/10/2014,25.41666667
13/10/2014,24.625
14/10/2014,24.91666667
15/10/2014,26.29166667
16/10/2014,26.375
17/10/2014,25.91666667
18/10/2014,25.70833333
19/10/2014,25.58333333
20/10/2014,25.41666667
21/10/2014,25.25
22/10/2014,25.33333333
23/10/2014,24.83333333
24/10/2014,24.125
25/10/2014,19.58333333
26/10/2014,18.25
27/10/2014,18.91666667
28/10/2014,21.79166667
29/10/2014,21.91666667
30/10/2014,22.125
31/10/2014,22.58333333
01/11/2014,23
02/11/2014,23.33333333
03/11/2014,23.83333333
04/11/2014,23.45833333
05/11/2014,23.20833333
06/11/2014,23.16666667
07/11/2014,23.20833333
08/11/2014,23.33333333
09/11/2014,23
10/11/2014,24.20833333
11/11/2014,24.54166667
12/11/2014,25.04166667
13/11/2014,24.875
14/11/2014,22.5
15/11/2014,21.125
16/11/2014,22
17/11/2014,23.375
18/11/2014,23.83333333
19/11/2014,23.25
20/11/2014,22.66666667
21/11/2014,22.41666667
22/11/2014,22.375
23/11/2014,23.54166667
24/11/2014,22.66666667
25/11/2014,21.91666667
26/11/2014,21.08333333
27/11/2014,21.125
28/11/2014,21.125
29/11/2014,21.66666667
30/11/2014,21.66666667
01/12/2014,21.58333333
02/12/2014,21.95833333
03/12/2014,22.20833333
04/12/2014,22.625
05/12/2014,21.875
06/12/2014,21.25
07/12/2014,21.375
08/12/2014,21.20833333
09/12/2014,22.66666667
10/12/2014,24
11/12/2014,23.75
12/12/2014,22.70833333
13/12/2014,21.375
14/12/2014,21.5
15/12/2014,19.79166667
16/12/2014,18.95833333
17/12/2014,18.5
18/12/2014,18.16666667
19/12/2014,19.29166667
20/12/2014,20.20833333
21/12/2014,19.75
22/12/2014,19.25
23/12/2014,20.20833333
24/12/2014,20.95833333
25/12/2014,21.04166667
26/12/2014,20.29166667
27/12/2014,19.04166667
28/12/2014,18.70833333
29/12/2014,19.29166667
30/12/2014,20.79166667
31/12/2014,20.33333333
01/01/2015,20.25
02/01/2015,19.83333333
03/01/2015,20.25
04/01/2015,21
05/01/2015,20.91666667
06/01/2015,21.58333333
07/01/2015,21.58333333
08/01/2015,20.70833333
09/01/2015,19.66666667
10/01/2015,19.08333333
11/01/2015,19.79166667
12/01/2015,19.41666667
13/01/2015,19.95833333
14/01/2015,19.91666667
15/01/2015,19.83333333
16/01/2015,20.125
17/01/2015,19.91666667
18/01/2015,20.29166667
19/01/2015,20.70833333
20/01/2015,20.25
21/01/2015,20.16666667
22/01/2015,20.70833333
23/01/2015,20.625
24/01/2015,21.75
25/01/2015,21.79166667
26/01/2015,20.95833333
27/01/2015,21.16666667
28/01/2015,21.375
29/01/2015,21.95833333
30/01/2015,21.83333333
31/01/2015,21.5
01/02/2015,22.5
02/02/2015,22.79166667
03/02/2015,23
04/02/2015,22.625
05/02/2015,22.625
06/02/2015,22.29166667
07/02/2015,22
08/02/2015,21.04166667
09/02/2015,22.66666667
10/02/2015,23.625
11/02/2015,22.70833333
12/02/2015,22.95833333
13/02/2015,23.41666667
14/02/2015,23.75
15/02/2015,24.54166667
16/02/2015,24.875
17/02/2015,24.70833333
18/02/2015,23.75
19/02/2015,23.54166667
20/02/2015,24.375
21/02/2015,24.58333333
22/02/2015,24.95833333
23/02/2015,24.79166667
24/02/2015,25.25
25/02/2015,24.66666667
26/02/2015,23.33333333
27/02/2015,22.41666667
28/02/2015,19.75
01/03/2015,19.70833333
02/03/2015,19.41666667
03/03/2015,18.91666667
04/03/2015,19.70833333
05/03/2015,22.16666667
06/03/2015,24.29166667
07/03/2015,24.91666667
08/03/2015,25.20833333
09/03/2015,25.75
10/03/2015,24.08333333
11/03/2015,26.66666667
12/03/2015,26.54166667
13/03/2015,26.54166667
14/03/2015,26.625
15/03/2015,26.66666667
16/03/2015,27.08333333
17/03/2015,27.66666667
18/03/2015,28.125
19/03/2015,27.08333333
20/03/2015,28.375
21/03/2015,28.79166667
22/03/2015,29.125
23/03/2015,29.375
24/03/2015,30.04166667
25/03/2015,30.25
26/03/2015,29.75
27/03/2015,29.125
28/03/2015,28.79166667
29/03/2015,27.79166667
30/03/2015,27.66666667
31/03/2015,27.95833333
01/04/2015,27.875
02/04/2015,27.5
03/04/2015,26.45833333
04/04/2015,26
05/04/2015,26.33333333
06/04/2015,26.66666667
07/04/2015,26.875
08/04/2015,28.33333333
09/04/2015,28.875
10/04/2015,28.08333333
11/04/2015,26.75
12/04/2015,25.70833333
13/04/2015,29.70833333
14/04/2015,29.66666667
15/04/2015,29.75
16/04/2015,27.45833333
17/04/2015,28.25
18/04/2015,29.95833333
19/04/2015,31.16666667
20/04/2015,30.79166667
21/04/2015,30.75
22/04/2015,29.16666667
23/04/2015,28.29166667
24/04/2015,28.20833333
25/04/2015,27.66666667
26/04/2015,29
27/04/2015,29.70833333
28/04/2015,30.375
29/04/2015,29.45833333
30/04/2015,29.33333333
01/05/2015,29.25
02/05/2015,29.54166667
03/05/2015,29.16666667
04/05/2015,30.375
05/05/2015,29.83333333
06/05/2015,29.95833333
07/05/2015,30.375
08/05/2015,30.66666667
09/05/2015,30.75
10/05/2015,30.75
11/05/2015,30.95833333
12/05/2015,30.08333333
13/05/2015,29.20833333
14/05/2015,26.91666667
15/05/2015,29.91666667
16/05/2015,30.16666667
17/05/2015,30
18/05/2015,30.04166667
19/05/2015,29.41666667
20/05/2015,29.45833333
21/05/2015,29.45833333
22/05/2015,29.33333333
23/05/2015,28.75
24/05/2015,28.20833333
25/05/2015,28.125
26/05/2015,28.29166667
27/05/2015,28.70833333
28/05/2015,29.33333333
29/05/2015,29.375
30/05/2015,30.20833333
31/05/2015,30.95833333
01/06/2015,28.125
02/06/2015,27.95833333
03/06/2015,28.83333333
04/06/2015,29.54166667
05/06/2015,28.75
06/06/2015,29.45833333
07/06/2015,28.95833333
08/06/2015,27.79166667
09/06/2015,27
10/06/2015,26.79166667
11/06/2015,26.83333333
12/06/2015,25.33333333
13/06/2015,24.33333333
14/06/2015,23.08333333
15/06/2015,24.41666667
16/06/2015,24.79166667
17/06/2015,25.95833333
18/06/2015,24.04166667
19/06/2015,23.04166667
20/06/2015,23.125
21/06/2015,23.875
22/06/2015,23.25
23/06/2015,22.91666667
24/06/2015,23.45833333
25/06/2015,23.625
26/06/2015,24.04166667
27/06/2015,24.25
28/06/2015,24.41666667
29/06/2015,24.20833333
30/06/2015,24.20833333
01/07/2015,24.20833333
02/07/2015,24.875
03/07/2015,24.91666667
04/07/2015,24.29166667
05/07/2015,24.54166667
06/07/2015,24.25
07/07/2015,24.41666667
08/07/2015,24.20833333
09/07/2015,24.75
10/07/2015,24.375
11/07/2015,24.54166667
12/07/2015,24.79166667
13/07/2015,24.95833333
14/07/2015,25.625
15/07/2015,25.41666667
16/07/2015,24.95833333
17/07/2015,24.58333333
18/07/2015,24.58333333
19/07/2015,23.75
20/07/2015,23.29166667
21/07/2015,23.16666667
22/07/2015,22.45833333
23/07/2015,24.20833333
24/07/2015,24.45833333
25/07/2015,23.58333333
26/07/2015,23.45833333
27/07/2015,23.08333333
28/07/2015,22.95833333
29/07/2015,22.625
30/07/2015,23.41666667
31/07/2015,23.875
01/08/2015,23.95833333
02/08/2015,24.125
03/08/2015,24
04/08/2015,23.20833333
05/08/2015,22.04166667
06/08/2015,22.75
07/08/2015,23.45833333
08/08/2015,23.375
09/08/2015,22.45833333
10/08/2015,23.5
11/08/2015,23.75
12/08/2015,23.70833333
13/08/2015,23.79166667
14/08/2015,24
15/08/2015,24.16666667
16/08/2015,24.125
17/08/2015,23.75
18/08/2015,24.70833333
19/08/2015,25.41666667
20/08/2015,25.08333333
21/08/2015,24.04166667
22/08/2015,23.33333333
23/08/2015,23.29166667
24/08/2015,23.20833333
25/08/2015,22.91666667
26/08/2015,23.54166667
27/08/2015,23.625
28/08/2015,23.66666667
29/08/2015,23.70833333
30/08/2015,23.5
31/08/2015,23.66666667
01/09/2015,23.41666667
02/09/2015,23.70833333
03/09/2015,24.125
04/09/2015,25.20833333
05/09/2015,23.08333333
06/09/2015,23
07/09/2015,25.08333333
08/09/2015,23.54166667
09/09/2015,23.5
10/09/2015,24
11/09/2015,24.70833333
12/09/2015,24.5
13/09/2015,23.79166667
14/09/2015,23.95833333
15/09/2015,23.45833333
16/09/2015,23.875
17/09/2015,23.375
18/09/2015,23.375
19/09/2015,23.08333333
20/09/2015,23.16666667
21/09/2015,23.08333333
22/09/2015,23.79166667
23/09/2015,24.16666667
24/09/2015,24.83333333
25/09/2015,24.33333333
26/09/2015,23.79166667
27/09/2015,24
28/09/2015,24.91666667
29/09/2015,25.70833333
30/09/2015,26.33333333
01/10/2015,26.20833333
02/10/2015,25.45833333
03/10/2015,24.45833333
04/10/2015,25
05/10/2015,25.625
06/10/2015,25.25
07/10/2015,25.125
08/10/2015,25.75
09/10/2015,25.79166667
10/10/2015,25.125
11/10/2015,24.79166667
12/10/2015,24.66666667
13/10/2015,25.375
14/10/2015,25.58333333
15/10/2015,25.83333333
16/10/2015,25.54166667
17/10/2015,25.79166667
18/10/2015,25.5
19/10/2015,25.20833333
20/10/2015,25.58333333
21/10/2015,25.875
22/10/2015,26.20833333
23/10/2015,27.29166667
24/10/2015,26.33333333
25/10/2015,25.125
26/10/2015,25.125
27/10/2015,24.45833333
28/10/2015,24.54166667
29/10/2015,24.875
30/10/2015,24.625
31/10/2015,24.58333333
01/11/2015,24.20833333
02/11/2015,23.54166667
03/11/2015,24.625
04/11/2015,24.54166667
05/11/2015,24.875
06/11/2015,24.5
07/11/2015,25
08/11/2015,24.58333333
09/11/2015,23.875
10/11/2015,23.33333333
11/11/2015,23.875
12/11/2015,24
13/11/2015,23.125
14/11/2015,23.16666667
15/11/2015,23.66666667
16/11/2015,23.625
17/11/2015,23.125
18/11/2015,22.91666667
19/11/2015,22.41666667
20/11/2015,23.875
21/11/2015,24.04166667
22/11/2015,23.75
23/11/2015,24.08333333
24/11/2015,23.375
25/11/2015,23.375
26/11/2015,22.91666667
27/11/2015,23.75
28/11/2015,23.95833333
29/11/2015,23.5
30/11/2015,23.29166667
01/12/2015,23.625
02/12/2015,24.125
03/12/2015,24.95833333
04/12/2015,24.75
05/12/2015,21.95833333
06/12/2015,21.66666667
07/12/2015,21.29166667
08/12/2015,21.25
09/12/2015,22
10/12/2015,23.25
11/12/2015,23.16666667
12/12/2015,23.25
13/12/2015,23.875
14/12/2015,24.25
15/12/2015,24
16/12/2015,24.45833333
17/12/2015,23.83333333
18/12/2015,20.83333333
19/12/2015,20.375
20/12/2015,20.41666667
21/12/2015,22.125
22/12/2015,20.45833333
23/12/2015,20.08333333
24/12/2015,18.70833333
25/12/2015,18.20833333
26/12/2015,17.625
27/12/2015,19.54166667
28/12/2015,20.79166667
29/12/2015,20.25
30/12/2015,22.625
31/12/2015,22.54166667
01/01/2016,22.54166667
02/01/2016,22.625
03/01/2016,21.79166667
04/01/2016,21.875
05/01/2016,22.75
06/01/2016,21.70833333
07/01/2016,22.125
08/01/2016,22.25
09/01/2016,21.33333333
10/01/2016,21.20833333
11/01/2016,21.54166667
12/01/2016,21.125
13/01/2016,20.83333333
14/01/2016,20.79166667
15/01/2016,20.58333333
16/01/2016,20.125
17/01/2016,19.16666667
18/01/2016,18.91666667
19/01/2016,18.79166667
20/01/2016,18.20833333
21/01/2016,18.33333333
22/01/2016,19.29166667
23/01/2016,20.29166667
24/01/2016,21.66666667
25/01/2016,22
26/01/2016,22.08333333
27/01/2016,22.25
28/01/2016,22.70833333
29/01/2016,22.95833333
30/01/2016,23.29166667
31/01/2016,24.20833333
01/02/2016,24.375
02/02/2016,24.33333333
03/02/2016,23.54166667
04/02/2016,22.25
05/02/2016,23.20833333
06/02/2016,21.70833333
07/02/2016,20.91666667
08/02/2016,22.625
09/02/2016,24.25
10/02/2016,23.58333333
11/02/2016,22
12/02/2016,20.375
13/02/2016,20.625
14/02/2016,22.79166667
15/02/2016,24.20833333
16/02/2016,24.875
17/02/2016,25.54166667
18/02/2016,25.41666667
19/02/2016,25.5
20/02/2016,27
21/02/2016,27.58333333
22/02/2016,27.41666667
23/02/2016,27.45833333
24/02/2016,25.04166667
25/02/2016,24.54166667
26/02/2016,26.125
27/02/2016,27.625
28/02/2016,27.75
29/02/2016,27.375
01/03/2016,26.625
02/03/2016,26.875
03/03/2016,27
04/03/2016,26.75
05/03/2016,26.625
06/03/2016,26.25
07/03/2016,26.20833333
08/03/2016,27.29166667
09/03/2016,27.5
10/03/2016,28.125
11/03/2016,28.875
12/03/2016,27.375
13/03/2016,24.79166667
14/03/2016,24.375
15/03/2016,25.33333333
16/03/2016,25.41666667
17/03/2016,26.5
18/03/2016,28.08333333
19/03/2016,28.875
20/03/2016,29.125
21/03/2016,28.25
22/03/2016,27.875
23/03/2016,28.79166667
24/03/2016,29.625
25/03/2016,29.45833333
26/03/2016,29.54166667
27/03/2016,29.875
28/03/2016,29.58333333
29/03/2016,29.16666667
30/03/2016,29.08333333
31/03/2016,28.625
01/04/2016,29.08333333
02/04/2016,29.625
03/04/2016,29.41666667
04/04/2016,29.33333333
05/04/2016,29.25
06/04/2016,28.91666667
07/04/2016,28.91666667
08/04/2016,29.58333333
09/04/2016,29.58333333
10/04/2016,30
11/04/2016,29.95833333
12/04/2016,30.66666667
13/04/2016,29.83333333
14/04/2016,29.66666667
15/04/2016,29.70833333
16/04/2016,29.5
17/04/2016,29.41666667
18/04/2016,29.70833333
19/04/2016,29.79166667
20/04/2016,29.29166667
21/04/2016,30.70833333
22/04/2016,28.125
23/04/2016,27.41666667
24/04/2016,27
25/04/2016,27.58333333
26/04/2016,30.125
27/04/2016,31.66666667
28/04/2016,31.58333333
29/04/2016,30.95833333
30/04/2016,30.41666667
01/05/2016,30.54166667
02/05/2016,29.75
03/05/2016,30.45833333
04/05/2016,29.79166667
05/05/2016,29.45833333
06/05/2016,28.79166667
07/05/2016,28.45833333
08/05/2016,29.04166667
09/05/2016,29.54166667
10/05/2016,30.625
11/05/2016,30.125
12/05/2016,30.16666667
13/05/2016,30.45833333
14/05/2016,30.75
15/05/2016,32.45833333
16/05/2016,31.66666667
17/05/2016,31.54166667
18/05/2016,32.04166667
19/05/2016,29.875
20/05/2016,29.5
21/05/2016,29
22/05/2016,28.66666667
23/05/2016,28.375
24/05/2016,28.70833333
25/05/2016,28.125
26/05/2016,29.33333333
27/05/2016,26
28/05/2016,24.08333333
29/05/2016,28
30/05/2016,26.66666667
31/05/2016,28.83333333
01/06/2016,28.625
02/06/2016,28.25
03/06/2016,27.625
04/06/2016,28.20833333
05/06/2016,27.95833333
06/06/2016,27.75
07/06/2016,27.83333333
08/06/2016,27.75
09/06/2016,28.375
10/06/2016,27.66666667
11/06/2016,23.875
12/06/2016,26.16666667
13/06/2016,26.20833333
14/06/2016,26.45833333
15/06/2016,26.83333333
16/06/2016,25.45833333
17/06/2016,26.54166667
18/06/2016,26.45833333
19/06/2016,24.33333333
20/06/2016,22.75
21/06/2016,24.875
22/06/2016,24.95833333
23/06/2016,24.75
24/06/2016,25.04166667
25/06/2016,23.29166667
26/06/2016,24.25
27/06/2016,23.875
28/06/2016,24.29166667
29/06/2016,22.83333333
30/06/2016,24.375
01/07/2016,24
02/07/2016,23.16666667
03/07/2016,22.625
04/07/2016,23.54166667
05/07/2016,23.75
06/07/2016,23.58333333
07/07/2016,23.20833333
08/07/2016,23.375
09/07/2016,22.25
10/07/2016,22.33333333
11/07/2016,22.16666667
12/07/2016,22.25
13/07/2016,23.04166667
14/07/2016,23.58333333
15/07/2016,23.66666667
16/07/2016,23.75
17/07/2016,23.95833333
18/07/2016,23.375
19/07/2016,23.33333333
20/07/2016,23.29166667
21/07/2016,23.45833333
22/07/2016,22.91666667
23/07/2016,23.20833333
24/07/2016,23.16666667
25/07/2016,23.20833333
26/07/2016,23.08333333
27/07/2016,22.91666667
28/07/2016,23.58333333
29/07/2016,23.08333333
30/07/2016,23.33333333
31/07/2016,22.58333333
01/08/2016,22.58333333
02/08/2016,22
03/08/2016,21.41666667
04/08/2016,22.08333333
05/08/2016,22.41666667
06/08/2016,22.33333333
07/08/2016,22.375
08/08/2016,22.875
09/08/2016,22.5
10/08/2016,22.75
11/08/2016,22.70833333
12/08/2016,23.08333333
13/08/2016,22.625
14/08/2016,22.20833333
15/08/2016,23.04166667
16/08/2016,22.95833333
17/08/2016,22.54166667
18/08/2016,22.54166667
19/08/2016,22.70833333
20/08/2016,22.79166667
21/08/2016,22.95833333
22/08/2016,22.95833333
23/08/2016,23.375
24/08/2016,23.66666667
25/08/2016,23.79166667
26/08/2016,23.875
27/08/2016,23.83333333
28/08/2016,23.375
29/08/2016,24.04166667
30/08/2016,23.25
31/08/2016,25.625
01/09/2016,23.41666667
02/09/2016,23.20833333
03/09/2016,22.75
04/09/2016,22.95833333
05/09/2016,22.75
06/09/2016,22.25
07/09/2016,22.16666667
08/09/2016,22.33333333
09/09/2016,22.70833333
10/09/2016,22.75
11/09/2016,22.66666667
12/09/2016,23.20833333
13/09/2016,23.66666667
14/09/2016,23.20833333
15/09/2016,21.83333333
16/09/2016,22.875
17/09/2016,23
18/09/2016,21.91666667
19/09/2016,22.16666667
20/09/2016,22.33333333
21/09/2016,22.41666667
22/09/2016,23.25
23/09/2016,23.25
24/09/2016,23
25/09/2016,23.5
26/09/2016,23.29166667
27/09/2016,23.25
28/09/2016,23.54166667
29/09/2016,23.16666667
30/09/2016,23.04166667
01/10/2016,20.70833333
02/10/2016,21.66666667
03/10/2016,22.54166667
04/10/2016,21.625
05/10/2016,21.875
06/10/2016,22.16666667
07/10/2016,23.125
08/10/2016,23.95833333
09/10/2016,23.66666667
10/10/2016,24.125
11/10/2016,23.83333333
12/10/2016,23.625
13/10/2016,23.91666667
14/10/2016,24.41666667
15/10/2016,24.16666667
16/10/2016,23.79166667
17/10/2016,23.41666667
18/10/2016,23.875
19/10/2016,23.16666667
20/10/2016,23
21/10/2016,22.70833333
22/10/2016,22.875
23/10/2016,23.04166667
24/10/2016,22.5
25/10/2016,22.5
26/10/2016,22.16666667
27/10/2016,22.25
28/10/2016,21.91666667
29/10/2016,21.29166667
30/10/2016,21.95833333
31/10/2016,23.66666667
01/11/2016,22.41666667
02/11/2016,21.375
03/11/2016,21.04166667
04/11/2016,21.125
05/11/2016,21.29166667
06/11/2016,20.91666667
07/11/2016,20.75
08/11/2016,20.70833333
09/11/2016,20.16666667
10/11/2016,19.95833333
11/11/2016,19.83333333
12/11/2016,20.04166667
13/11/2016,20.79166667
14/11/2016,22.25
15/11/2016,23.04166667
16/11/2016,23.20833333
17/11/2016,22
18/11/2016,20.54166667
19/11/2016,20.16666667
20/11/2016,19.54166667
21/11/2016,20.25
22/11/2016,20.375
23/11/2016,20.33333333
24/11/2016,20.20833333
25/11/2016,20.08333333
26/11/2016,20.33333333
27/11/2016,21.04166667
28/11/2016,22.125
29/11/2016,22.16666667
30/11/2016,21.95833333
01/12/2016,22
02/12/2016,21.04166667
03/12/2016,21.91666667
04/12/2016,22.41666667
05/12/2016,22.54166667
06/12/2016,20.75
07/12/2016,19.33333333
08/12/2016,18.91666667
09/12/2016,18.875
10/12/2016,19.16666667
11/12/2016,19.16666667
12/12/2016,20.08333333
13/12/2016,20.45833333
14/12/2016,21.66666667
15/12/2016,22.16666667
16/12/2016,22.66666667
17/12/2016,22.58333333
18/12/2016,21.54166667
19/12/2016,20.45833333
20/12/2016,19.5
21/12/2016,19.66666667
22/12/2016,20.58333333
23/12/2016,20.875
24/12/2016,21.25
25/12/2016,21.29166667
26/12/2016,20.70833333
27/12/2016,19.41666667
28/12/2016,18.95833333
29/12/2016,19.83333333
30/12/2016,19.875
31/12/2016,20.5
01/01/2017,20.83333333
02/01/2017,20.83333333
03/01/2017,19.45833333
04/01/2017,19.04166667
05/01/2017,19.41666667
06/01/2017,19.375
07/01/2017,18.375
08/01/2017,18.83333333
09/01/2017,18.95833333
10/01/2017,18.5
11/01/2017,17.91666667
12/01/2017,17.91666667
13/01/2017,18.75
14/01/2017,20.54166667
15/01/2017,21.79166667
16/01/2017,21.41666667
17/01/2017,21.66666667
18/01/2017,21.91666667
19/01/2017,20.83333333
20/01/2017,20.33333333
21/01/2017,21.5
22/01/2017,22.20833333
23/01/2017,23.08333333
24/01/2017,22.95833333
25/01/2017,22.25
26/01/2017,22.625
27/01/2017,22.33333333
28/01/2017,21.41666667
29/01/2017,22.45833333
30/01/2017,23.04166667
31/01/2017,23.375
01/02/2017,23.45833333
02/02/2017,23.54166667
03/02/2017,23.58333333
04/02/2017,23.375
05/02/2017,22.58333333
06/02/2017,22.625
07/02/2017,22.625
08/02/2017,23.75
09/02/2017,23.91666667
10/02/2017,23.66666667
11/02/2017,22.75
12/02/2017,22.41666667
13/02/2017,23.79166667
14/02/2017,23.95833333
15/02/2017,24
16/02/2017,23.83333333
17/02/2017,24.625
18/02/2017,25.125
19/02/2017,25.75
20/02/2017,26
21/02/2017,24.25
22/02/2017,24.83333333
23/02/2017,26.29166667
24/02/2017,26.33333333
25/02/2017,25.25
26/02/2017,24.91666667
27/02/2017,25.5
28/02/2017,25.66666667
01/03/2017,26.08333333
02/03/2017,26.33333333
03/03/2017,25.95833333
04/03/2017,24.66666667
05/03/2017,24.66666667
06/03/2017,24.33333333
07/03/2017,23.54166667
08/03/2017,24.125
09/03/2017,23.5
10/03/2017,21.33333333
11/03/2017,20.58333333
12/03/2017,21.20833333
13/03/2017,23.75
14/03/2017,24.75
15/03/2017,25.625
16/03/2017,25.66666667
17/03/2017,25.5
18/03/2017,26.16666667
19/03/2017,26.29166667
20/03/2017,26.125
21/03/2017,26.58333333
22/03/2017,27.54166667
23/03/2017,28.25
24/03/2017,28.91666667
25/03/2017,29.375
26/03/2017,29.75
27/03/2017,30.16666667
28/03/2017,30.08333333
29/03/2017,29.41666667
30/03/2017,29
31/03/2017,30.125
01/04/2017,28.875
02/04/2017,28.5
03/04/2017,27.79166667
04/04/2017,27.91666667
05/04/2017,27.58333333
06/04/2017,27.29166667
07/04/2017,27
08/04/2017,28.16666667
09/04/2017,29.95833333
10/04/2017,30.33333333
11/04/2017,30.08333333
12/04/2017,30.04166667
13/04/2017,30.41666667
14/04/2017,29.75
15/04/2017,29.45833333
16/04/2017,30.16666667
17/04/2017,30
18/04/2017,30.70833333
19/04/2017,30.16666667
20/04/2017,28.875
21/04/2017,28
22/04/2017,27.45833333
23/04/2017,26.95833333
24/04/2017,26.79166667
25/04/2017,27.20833333
26/04/2017,27.54166667
27/04/2017,28.66666667
28/04/2017,28.45833333
29/04/2017,28.66666667
30/04/2017,28.66666667
01/05/2017,29.58333333
02/05/2017,29.41666667
03/05/2017,29.66666667
04/05/2017,30.375
05/05/2017,31.58333333
06/05/2017,31.16666667
07/05/2017,30.54166667
08/05/2017,30.125
09/05/2017,30.25
10/05/2017,30
11/05/2017,30.25
12/05/2017,31.25
13/05/2017,31.625
14/05/2017,30.45833333
15/05/2017,28.91666667
16/05/2017,29.5
17/05/2017,29.25
18/05/2017,29.66666667
19/05/2017,28.5
20/05/2017,28.75
21/05/2017,28.29166667
22/05/2017,29.29166667
23/05/2017,30.66666667
24/05/2017,30.25
25/05/2017,29.16666667
26/05/2017,28.83333333
27/05/2017,28.29166667
28/05/2017,28.04166667
29/05/2017,27.58333333
30/05/2017,26.83333333
31/05/2017,27.66666667
01/06/2017,28.08333333
02/06/2017,28.66666667
03/06/2017,28
04/06/2017,26.54166667
05/06/2017,26.875
06/06/2017,26.83333333
07/06/2017,26.16666667
08/06/2017,25.54166667
09/06/2017,25.58333333
10/06/2017,25.375
11/06/2017,25.29166667
12/06/2017,23.75
13/06/2017,24.70833333
14/06/2017,25.16666667
15/06/2017,24.79166667
16/06/2017,25.41666667
17/06/2017,25.70833333
18/06/2017,25.66666667
19/06/2017,25.20833333
20/06/2017,25
21/06/2017,25.33333333
22/06/2017,25.58333333
23/06/2017,25.375
24/06/2017,24.875
25/06/2017,24.95833333
26/06/2017,24.41666667
27/06/2017,24.5
28/06/2017,24.58333333
29/06/2017,24.375
30/06/2017,23.91666667
01/07/2017,23.66666667
02/07/2017,23.625
03/07/2017,24.20833333
04/07/2017,23.58333333
05/07/2017,23.91666667
06/07/2017,24
07/07/2017,24.08333333
08/07/2017,24.29166667
09/07/2017,24.70833333
10/07/2017,24.58333333
11/07/2017,24.45833333
12/07/2017,24.16666667
13/07/2017,23.875
14/07/2017,23.66666667
15/07/2017,23.625
16/07/2017,23.58333333
17/07/2017,23.16666667
18/07/2017,22.83333333
19/07/2017,22.95833333
20/07/2017,23.20833333
21/07/2017,23.83333333
22/07/2017,23.625
23/07/2017,23.45833333
24/07/2017,23.25
25/07/2017,24.08333333
26/07/2017,23.66666667
27/07/2017,23.08333333
28/07/2017,23.25
29/07/2017,24.04166667
30/07/2017,24.20833333
31/07/2017,24.45833333
01/08/2017,24.45833333
02/08/2017,24.625
03/08/2017,24.16666667
04/08/2017,24.45833333
05/08/2017,24.79166667
06/08/2017,24.41666667
07/08/2017,24.41666667
08/08/2017,24.79166667
09/08/2017,24.70833333
10/08/2017,24.08333333
11/08/2017,24.375
12/08/2017,24.20833333
13/08/2017,24.33333333
14/08/2017,23.70833333
15/08/2017,24.20833333
16/08/2017,24.45833333
17/08/2017,24.58333333
18/08/2017,23.875
19/08/2017,22.41666667
20/08/2017,20.79166667
21/08/2017,21.08333333
22/08/2017,23.625
23/08/2017,23.875
24/08/2017,23.79166667
25/08/2017,23.54166667
26/08/2017,23.875
27/08/2017,24.08333333
28/08/2017,22.95833333
29/08/2017,22.33333333
30/08/2017,23.375
31/08/2017,23.95833333
01/09/2017,23.83333333
02/09/2017,24.25
03/09/2017,24.25
04/09/2017,24.54166667
05/09/2017,24.5
06/09/2017,24.70833333
07/09/2017,25.66666667
08/09/2017,26.04166667
09/09/2017,26.25
10/09/2017,26.5
11/09/2017,27.66666667
12/09/2017,27.16666667
13/09/2017,26.45833333
14/09/2017,25.83333333
15/09/2017,23.875
16/09/2017,23.95833333
17/09/2017,23.625
18/09/2017,23.75
19/09/2017,23.625
20/09/2017,21.625
21/09/2017,21.91666667
22/09/2017,23.16666667
23/09/2017,23.75
24/09/2017,24.33333333
25/09/2017,24.79166667
26/09/2017,25.33333333
27/09/2017,25.70833333
28/09/2017,25.91666667
29/09/2017,25.41666667
30/09/2017,26.04166667
01/10/2017,26.20833333
02/10/2017,26.41666667
03/10/2017,26.25
04/10/2017,26.95833333
05/10/2017,26.70833333
06/10/2017,22.75
07/10/2017,26.25
08/10/2017,25.58333333
09/10/2017,24.75
10/10/2017,24.20833333
11/10/2017,24.125
12/10/2017,25.08333333
13/10/2017,25.375
14/10/2017,25.75
15/10/2017,25.70833333
16/10/2017,26.16666667
17/10/2017,25.75
18/10/2017,25.45833333
19/10/2017,24.95833333
20/10/2017,24.45833333
21/10/2017,24.125
22/10/2017,24.54166667
23/10/2017,25.25
24/10/2017,24.625
25/10/2017,24.04166667
26/10/2017,24.70833333
27/10/2017,24.66666667
28/10/2017,24.58333333
29/10/2017,23.95833333
30/10/2017,23.54166667
31/10/2017,23.33333333
01/11/2017,23.20833333
02/11/2017,22.58333333
03/11/2017,22.625
04/11/2017,22
05/11/2017,22.75
06/11/2017,23.5
07/11/2017,23.20833333
08/11/2017,22.91666667
09/11/2017,23.16666667
10/11/2017,22.75
11/11/2017,22.125
12/11/2017,21.08333333
13/11/2017,21.25
14/11/2017,21.75
15/11/2017,22.45833333
16/11/2017,22.08333333
17/11/2017,22.45833333
18/11/2017,22.95833333
19/11/2017,23.875
20/11/2017,23.58333333
21/11/2017,23.91666667
22/11/2017,25.04166667
23/11/2017,24.41666667
24/11/2017,23.625
25/11/2017,23.16666667
26/11/2017,22.83333333
27/11/2017,22.25
28/11/2017,22.25
29/11/2017,21.875
30/11/2017,21.58333333
01/12/2017,21.875
02/12/2017,22.33333333
03/12/2017,23.04166667
04/12/2017,23.45833333
05/12/2017,23.04166667
06/12/2017,22.29166667
07/12/2017,22.29166667
08/12/2017,23.75
09/12/2017,23.41666667
10/12/2017,23.16666667
11/12/2017,22.66666667
12/12/2017,21.5
13/12/2017,20.95833333
14/12/2017,21.29166667
15/12/2017,22.875
16/12/2017,22.95833333
17/12/2017,22.25
18/12/2017,21.375
19/12/2017,20.33333333
20/12/2017,20
21/12/2017,20.875
22/12/2017,21.5
23/12/2017,20.875
24/12/2017,21.54166667
25/12/2017,21.91666667
26/12/2017,21.16666667
27/12/2017,21
28/12/2017,20.45833333
29/12/2017,21.04166667
30/12/2017,21.375
31/12/2017,21
01/01/2018,21.20833333
02/01/2018,21
03/01/2018,21.20833333
04/01/2018,21.83333333
05/01/2018,21.75
06/01/2018,21.125
07/01/2018,20.66666667
08/01/2018,20.91666667
09/01/2018,21.25
10/01/2018,21.91666667
11/01/2018,23.58333333
12/01/2018,24.66666667
13/01/2018,24.70833333
14/01/2018,25.04166667
15/01/2018,25.58333333
16/01/2018,25
17/01/2018,24.45833333
18/01/2018,23.66666667
19/01/2018,22.95833333
20/01/2018,21.83333333
21/01/2018,22.33333333
22/01/2018,22.25
23/01/2018,21.70833333
24/01/2018,21.08333333
25/01/2018,21.79166667
26/01/2018,21.66666667
27/01/2018,22.04166667
28/01/2018,22.58333333
29/01/2018,23.16666667
30/01/2018,22.95833333
31/01/2018,23.125
01/02/2018,23.625
02/02/2018,24.125
03/02/2018,24.5
04/02/2018,24.875
05/02/2018,24.58333333
06/02/2018,24.79166667
07/02/2018,24
08/02/2018,22.83333333
09/02/2018,22.83333333
10/02/2018,23.70833333
11/02/2018,23.625
12/02/2018,22.25
13/02/2018,23.20833333
14/02/2018,24.875
15/02/2018,25
16/02/2018,25.33333333
17/02/2018,25.79166667
18/02/2018,25.875
19/02/2018,26.29166667
20/02/2018,26.41666667
21/02/2018,26.5
22/02/2018,26.875
23/02/2018,27.125
24/02/2018,27.25
25/02/2018,27.16666667
26/02/2018,27.58333333
27/02/2018,27.83333333
28/02/2018,27.70833333
01/03/2018,27.95833333
02/03/2018,28.54166667
03/03/2018,28.41666667
04/03/2018,27.54166667
05/03/2018,28
06/03/2018,28.58333333
07/03/2018,28.41666667
08/03/2018,28.16666667
09/03/2018,28.41666667
10/03/2018,28.66666667
11/03/2018,29.375
12/03/2018,29.45833333
13/03/2018,29.29166667
14/03/2018,29.20833333
15/03/2018,25.54166667
16/03/2018,24.5
17/03/2018,26.83333333
18/03/2018,27.58333333
19/03/2018,27.95833333
20/03/2018,27.91666667
21/03/2018,26.70833333
22/03/2018,25.54166667
23/03/2018,25.54166667
24/03/2018,28.5
25/03/2018,30.83333333
26/03/2018,31.04166667
27/03/2018,30.20833333
28/03/2018,29.45833333
29/03/2018,28.91666667
30/03/2018,28.66666667
31/03/2018,28.5
01/04/2018,29.08333333
02/04/2018,30.04166667
03/04/2018,29.91666667
04/04/2018,30.29166667
05/04/2018,30.41666667
06/04/2018,29.33333333
07/04/2018,30.16666667
08/04/2018,29.95833333
09/04/2018,30.20833333
10/04/2018,30.125
11/04/2018,29.16666667
12/04/2018,29.41666667
13/04/2018,30.29166667
14/04/2018,30.58333333
15/04/2018,30.04166667
16/04/2018,31.625
17/04/2018,31.79166667
18/04/2018,31.625
19/04/2018,32.04166667
20/04/2018,29.66666667
21/04/2018,30.5
22/04/2018,31.16666667
23/04/2018,30.66666667
24/04/2018,31.125
25/04/2018,30.25
26/04/2018,29.58333333
27/04/2018,30.54166667
28/04/2018,31.04166667
29/04/2018,30.41666667
30/04/2018,30.04166667
01/05/2018,30.33333333
02/05/2018,29.83333333
03/05/2018,30.375
04/05/2018,30.79166667
05/05/2018,30.58333333
06/05/2018,30.875
07/05/2018,30.45833333
08/05/2018,30.58333333
09/05/2018,31.83333333
10/05/2018,31.66666667
11/05/2018,31
12/05/2018,30.25
13/05/2018,30.5
14/05/2018,30.25
15/05/2018,29.91666667
16/05/2018,31.04166667
17/05/2018,31.91666667
18/05/2018,30.625
19/05/2018,31.04166667
20/05/2018,30.20833333
21/05/2018,29.83333333
22/05/2018,30.33333333
23/05/2018,30.29166667
24/05/2018,28.75
25/05/2018,28.875
26/05/2018,31.16666667
27/05/2018,31.33333333
28/05/2018,30.25
29/05/2018,29.375
30/05/2018,28.75
31/05/2018,29.79166667
01/06/2018,28.33333333
02/06/2018,28.75
03/06/2018,26.75
04/06/2018,27.875
05/06/2018,28.54166667
06/06/2018,27.66666667
07/06/2018,26.04166667
08/06/2018,25.70833333
09/06/2018,25.75
10/06/2018,25.625
11/06/2018,25.91666667
12/06/2018,26.41666667
13/06/2018,26.625
14/06/2018,26.66666667
15/06/2018,26.54166667
16/06/2018,26.125
17/06/2018,25.58333333
18/06/2018,24.625
19/06/2018,26.58333333
20/06/2018,27.25
21/06/2018,26.375
22/06/2018,25.125
23/06/2018,24.16666667
24/06/2018,24.33333333
25/06/2018,22.95833333
26/06/2018,23.70833333
27/06/2018,24.45833333
28/06/2018,24.45833333
29/06/2018,24.95833333
30/06/2018,25.54166667
01/07/2018,25.875
02/07/2018,25.29166667
03/07/2018,24.54166667
04/07/2018,24.125
05/07/2018,24.08333333
06/07/2018,24.25
07/07/2018,23.54166667
08/07/2018,22.70833333
09/07/2018,23.70833333
10/07/2018,22.83333333
11/07/2018,23.375
12/07/2018,23.41666667
13/07/2018,23.33333333
14/07/2018,23.54166667
15/07/2018,23.25
16/07/2018,23.125
17/07/2018,23.20833333
18/07/2018,23.08333333
19/07/2018,23.54166667
20/07/2018,23
21/07/2018,23.45833333
22/07/2018,23.29166667
23/07/2018,23.33333333
24/07/2018,23.25
25/07/2018,23.79166667
26/07/2018,23.66666667
27/07/2018,23.29166667
28/07/2018,24.04166667
29/07/2018,24.29166667
30/07/2018,24.16666667
31/07/2018,24.45833333
01/08/2018,24.41666667
02/08/2018,24.20833333
03/08/2018,24.29166667
04/08/2018,23.33333333
05/08/2018,23.79166667
06/08/2018,23.25
07/08/2018,23.5
08/08/2018,23.5
09/08/2018,23.54166667
10/08/2018,23.70833333
11/08/2018,23.08333333
12/08/2018,22.66666667
13/08/2018,22.95833333
14/08/2018,23.91666667
15/08/2018,23.375
16/08/2018,22.41666667
17/08/2018,22.45833333
18/08/2018,22.45833333
19/08/2018,22.54166667
20/08/2018,22.66666667
21/08/2018,21.70833333
22/08/2018,22.33333333
23/08/2018,22.83333333
24/08/2018,22.70833333
25/08/2018,22.58333333
26/08/2018,22.33333333
27/08/2018,22.04166667
28/08/2018,22.41666667
29/08/2018,23.04166667
30/08/2018,23.125
31/08/2018,23.125
01/09/2018,22.95833333
02/09/2018,22.79166667
03/09/2018,22.66666667
04/09/2018,22.5
05/09/2018,22.58333333
06/09/2018,22.58333333
07/09/2018,22.58333333
08/09/2018,22.29166667
09/09/2018,22.95833333
10/09/2018,23
11/09/2018,23.45833333
12/09/2018,23.125
13/09/2018,22.91666667
14/09/2018,23.70833333
15/09/2018,23.79166667
16/09/2018,23.79166667
17/09/2018,23.29166667
18/09/2018,22.79166667
19/09/2018,22.75
20/09/2018,24.58333333
21/09/2018,25.25
22/09/2018,23.54166667
23/09/2018,24
24/09/2018,24.375
25/09/2018,24.95833333
26/09/2018,25.83333333
27/09/2018,26.16666667
28/09/2018,26.79166667
29/09/2018,27.41666667
30/09/2018,27.375
01/10/2018,27.83333333
02/10/2018,27.25
03/10/2018,27.5
04/10/2018,27.29166667
05/10/2018,27.08333333
06/10/2018,26.75
07/10/2018,27.375
08/10/2018,27.25
09/10/2018,26.91666667
10/10/2018,26.375
11/10/2018,26.16666667
12/10/2018,26.70833333
13/10/2018,26.41666667
14/10/2018,26.45833333
15/10/2018,26.29166667
16/10/2018,26.45833333
17/10/2018,25.58333333
18/10/2018,25.45833333
19/10/2018,26.08333333
20/10/2018,26.33333333
21/10/2018,26.375
22/10/2018,26.70833333
23/10/2018,26.625
24/10/2018,26.58333333
25/10/2018,25.625
26/10/2018,25.125
27/10/2018,24.875
28/10/2018,24.95833333
29/10/2018,23.66666667
30/10/2018,23.16666667
31/10/2018,23.45833333
01/11/2018,23.95833333
02/11/2018,25.25
03/11/2018,25.625
04/11/2018,25.91666667
05/11/2018,25.58333333
06/11/2018,26.125
07/11/2018,25.08333333
08/11/2018,25.25
09/11/2018,25.16666667
10/11/2018,24.95833333
11/11/2018,24.625
12/11/2018,23.79166667
13/11/2018,23.625
14/11/2018,23.54166667
15/11/2018,23.45833333
16/11/2018,23.20833333
17/11/2018,24.41666667
18/11/2018,25.79166667
19/11/2018,25.66666667
20/11/2018,24.95833333
21/11/2018,24.91666667
22/11/2018,24.375
23/11/2018,23.375
24/11/2018,23.125
25/11/2018,23.20833333
26/11/2018,23.08333333
27/11/2018,22.29166667
28/11/2018,21.875
29/11/2018,21.54166667
30/11/2018,21.79166667
01/12/2018,21.33333333
02/12/2018,21.625
03/12/2018,21.875
04/12/2018,22.5
05/12/2018,23.5
06/12/2018,24.08333333
07/12/2018,24.29166667
08/12/2018,24.45833333
09/12/2018,23.83333333
10/12/2018,21.79166667
11/12/2018,20.54166667
12/12/2018,21.20833333
13/12/2018,21
14/12/2018,21.33333333
15/12/2018,21.16666667
16/12/2018,20.16666667
17/12/2018,19.20833333
18/12/2018,19.70833333
19/12/2018,19.08333333
20/12/2018,19.25
21/12/2018,21.95833333
22/12/2018,22.45833333
23/12/2018,23.41666667
24/12/2018,23.875
25/12/2018,23.875
26/12/2018,22.79166667
27/12/2018,19.79166667
28/12/2018,18.08333333
29/12/2018,18.45833333
30/12/2018,18.66666667
31/12/2018,19
01/01/2019,22.41666667
02/01/2019,25.04166667
03/01/2019,27
04/01/2019,25.91666667
05/01/2019,25.29166667
06/01/2019,26.08333333
07/01/2019,23.20833333
08/01/2019,24.41666667
09/01/2019,26.58333333
10/01/2019,25.79166667
11/01/2019,26.125
12/01/2019,25.45833333
13/01/2019,25.95833333
14/01/2019,24.04166667
15/01/2019,24.29166667
16/01/2019,25.5
17/01/2019,26.79166667
18/01/2019,27.79166667
19/01/2019,26.54166667
20/01/2019,26
21/01/2019,25.54166667
22/01/2019,22.04166667
23/01/2019,21.5
24/01/2019,23.33333333
25/01/2019,23.41666667
26/01/2019,21.25
27/01/2019,20.70833333
28/01/2019,20.04166667
29/01/2019,20.79166667
30/01/2019,23.95833333
31/01/2019,25
01/02/2019,24.375
02/02/2019,24.16666667
03/02/2019,25
04/02/2019,25.45833333
05/02/2019,26.08333333
06/02/2019,25.20833333
07/02/2019,20.625
08/02/2019,20.45833333
09/02/2019,22.33333333
10/02/2019,24.08333333
11/02/2019,26.70833333
12/02/2019,26.41666667
13/02/2019,27.33333333
14/02/2019,27.20833333
15/02/2019,25.54166667
16/02/2019,26.58333333
17/02/2019,26.16666667
18/02/2019,27.58333333
19/02/2019,29.70833333
20/02/2019,29.66666667
21/02/2019,29.45833333
22/02/2019,29.91666667
23/02/2019,30.08333333
24/02/2019,29.58333333
25/02/2019,27.625
26/02/2019,25.58333333
27/02/2019,24.04166667
28/02/2019,26.125
01/03/2019,28.29166667
02/03/2019,28.5
03/03/2019,26.54166667
04/03/2019,25.5
05/03/2019,24.66666667
06/03/2019,24.375
07/03/2019,26.33333333
08/03/2019,28.70833333
09/03/2019,28.875
10/03/2019,29.75
11/03/2019,28.16666667
12/03/2019,28.33333333
13/03/2019,27.91666667
14/03/2019,28
15/03/2019,29.66666667
16/03/2019,31.125
17/03/2019,30.04166667
18/03/2019,30.25
19/03/2019,31.08333333
20/03/2019,30.125
21/03/2019,28.91666667
22/03/2019,29.58333333
23/03/2019,31.54166667
24/03/2019,33.08333333
25/03/2019,34.16666667
26/03/2019,33.79166667
27/03/2019,32.625
28/03/2019,32.625
29/03/2019,33.58333333
30/03/2019,33
31/03/2019,31.75
01/04/2019,31.45833333
02/04/2019,32.375
03/04/2019,32.70833333
04/04/2019,33.375
05/04/2019,31.25
06/04/2019,31.625
07/04/2019,32.20833333
08/04/2019,32.54166667
09/04/2019,31.70833333
10/04/2019,32.25
11/04/2019,33.54166667
12/04/2019,33.54166667
13/04/2019,34.16666667
14/04/2019,33.41666667
15/04/2019,31.54166667
16/04/2019,30.45833333
17/04/2019,28.875
18/04/2019,29.66666667
19/04/2019,31.66666667
20/04/2019,31.375
21/04/2019,30.54166667
22/04/2019,30.75
23/04/2019,34.54166667
24/04/2019,34.66666667
25/04/2019,34.125
26/04/2019,35.70833333
27/04/2019,36.08333333
28/04/2019,35.95833333
29/04/2019,33.16666667
30/04/2019,31.91666667
01/05/2019,30.79166667
02/05/2019,29.04166667
03/05/2019,28.08333333
04/05/2019,27.83333333
05/05/2019,29.16666667
06/05/2019,31
07/05/2019,30.375
08/05/2019,28.75
09/05/2019,28.66666667
10/05/2019,28.79166667
11/05/2019,30.20833333
12/05/2019,31.5
13/05/2019,31.16666667
14/05/2019,31.41666667
15/05/2019,30.875
16/05/2019,31.125
17/05/2019,31.95833333
18/05/2019,33.16666667
19/05/2019,33.54166667
20/05/2019,34.08333333
21/05/2019,33.75
22/05/2019,32.91666667
23/05/2019,32.91666667
24/05/2019,32.375
25/05/2019,31.83333333
26/05/2019,31.5
27/05/2019,31.54166667
28/05/2019,32.125
29/05/2019,32.66666667
30/05/2019,32
31/05/2019,31.70833333
01/06/2019,30.91666667
02/06/2019,30.79166667
03/06/2019,29.91666667
04/06/2019,30.54166667
05/06/2019,31.625
06/06/2019,31.91666667
07/06/2019,30.875
08/06/2019,30.91666667
09/06/2019,30.625
10/06/2019,30.125
11/06/2019,29.75
12/06/2019,27
13/06/2019,26.79166667
14/06/2019,26.83333333
15/06/2019,26.29166667
16/06/2019,26.29166667
17/06/2019,26.41666667
18/06/2019,26.54166667
19/06/2019,27.08333333
20/06/2019,27.33333333
21/06/2019,27.25
22/06/2019,26.16666667
23/06/2019,26.58333333
24/06/2019,25.875
25/06/2019,26.45833333
26/06/2019,26.66666667
27/06/2019,26.125
28/06/2019,24.54166667
29/06/2019,22.75
30/06/2019,23.41666667
01/07/2019,23.375
02/07/2019,23.20833333
03/07/2019,23.83333333
04/07/2019,24.70833333
05/07/2019,24.125
06/07/2019,23.54166667
07/07/2019,23.5
08/07/2019,23.875
09/07/2019,23.70833333
10/07/2019,24.33333333
11/07/2019,23.54166667
12/07/2019,25.08333333
13/07/2019,25.33333333
14/07/2019,25.16666667
15/07/2019,24.95833333
16/07/2019,24.95833333
17/07/2019,25.375
18/07/2019,25.45833333
19/07/2019,25.79166667
20/07/2019,26.125
21/07/2019,26.45833333
22/07/2019,26.125
23/07/2019,25.83333333
24/07/2019,24.79166667
25/07/2019,24.95833333
26/07/2019,22.79166667
27/07/2019,22.5
28/07/2019,23.08333333
29/07/2019,22.625
30/07/2019,22.25
31/07/2019,22.875
01/08/2019,23.5
02/08/2019,23.08333333
03/08/2019,23.04166667
04/08/2019,22.41666667
05/08/2019,22.75
06/08/2019,23.16666667
07/08/2019,23.04166667
08/08/2019,23.41666667
09/08/2019,23.375
10/08/2019,23.04166667
11/08/2019,22.875
12/08/2019,23.875
13/08/2019,25
14/08/2019,24.75
15/08/2019,24.29166667
16/08/2019,24.33333333
17/08/2019,24.04166667
18/08/2019,24.375
19/08/2019,24.875
20/08/2019,24.41666667
21/08/2019,24.04166667
22/08/2019,23.95833333
23/08/2019,24.04166667
24/08/2019,24.29166667
25/08/2019,24.08333333
26/08/2019,23.70833333
27/08/2019,23.70833333
28/08/2019,24.08333333
29/08/2019,24.79166667
30/08/2019,24.54166667
31/08/2019,24.25
01/09/2019,23.91666667
02/09/2019,23.66666667
03/09/2019,22.70833333
04/09/2019,22.04166667
05/09/2019,22.91666667
06/09/2019,22.33333333
07/09/2019,21.95833333
08/09/2019,22.5
09/09/2019,22.83333333
10/09/2019,23.5
11/09/2019,23.66666667
12/09/2019,23.79166667
13/09/2019,22.625
14/09/2019,23.33333333
15/09/2019,23.04166667
16/09/2019,7.291666667
17/09/2019,22.91666667
18/09/2019,24.875
19/09/2019,23.70833333
20/09/2019,23.875
21/09/2019,24.08333333
22/09/2019,24.41666667
23/09/2019,24.16666667
24/09/2019,24.58333333
25/09/2019,24.79166667
26/09/2019,25.20833333
27/09/2019,24.04166667
28/09/2019,23.91666667
29/09/2019,23.95833333
30/09/2019,24.375
01/10/2019,23.83333333
02/10/2019,23.79166667
03/10/2019,24.70833333
04/10/2019,25.16666667
05/10/2019,25.08333333
06/10/2019,25.16666667
07/10/2019,25.29166667
08/10/2019,25.70833333
09/10/2019,25.54166667
10/10/2019,25.58333333
11/10/2019,25.5
12/10/2019,25.66666667
13/10/2019,25.75
14/10/2019,25.45833333
15/10/2019,25
16/10/2019,24.95833333
17/10/2019,25.29166667
18/10/2019,23.70833333
19/10/2019,21.125
20/10/2019,20.33333333
21/10/2019,20.875
22/10/2019,23.25
23/10/2019,22.66666667
24/10/2019,20.83333333
25/10/2019,21.41666667
26/10/2019,22.625
27/10/2019,22.91666667
28/10/2019,24.08333333
29/10/2019,24.875
30/10/2019,24.83333333
31/10/2019,23.58333333
01/11/2019,23.25
02/11/2019,23.70833333
03/11/2019,23.95833333
04/11/2019,24.70833333
05/11/2019,24.70833333
06/11/2019,24.79166667
07/11/2019,23.79166667
08/11/2019,22.45833333
09/11/2019,24.125
10/11/2019,24.125
11/11/2019,24.20833333
12/11/2019,23.91666667
13/11/2019,23.08333333
14/11/2019,22.375
15/11/2019,23.41666667
16/11/2019,23.79166667
17/11/2019,24.41666667
18/11/2019,24.08333333
19/11/2019,24.83333333
20/11/2019,24.29166667
21/11/2019,23.875
22/11/2019,23.79166667
23/11/2019,23.75
24/11/2019,23.5
25/11/2019,23.16666667
26/11/2019,23.08333333
27/11/2019,23.08333333
28/11/2019,24.125
29/11/2019,24.58333333
30/11/2019,24.45833333
01/12/2019,24.5
02/12/2019,23.04166667
03/12/2019,21.70833333
04/12/2019,22.66666667
05/12/2019,22.75
06/12/2019,23.125
07/12/2019,22.66666667
08/12/2019,22.75
09/12/2019,23.04166667
10/12/2019,23.83333333
11/12/2019,24.25
12/12/2019,23.375
13/12/2019,23.33333333
14/12/2019,23.375
15/12/2019,23.75
16/12/2019,23.66666667
17/12/2019,23
18/12/2019,23.08333333
19/12/2019,23.20833333
20/12/2019,23.16666667
21/12/2019,23.45833333
22/12/2019,23.58333333
23/12/2019,24.16666667
24/12/2019,24.29166667
25/12/2019,23.79166667
26/12/2019,24
27/12/2019,22.91666667
28/12/2019,21.45833333
29/12/2019,22.33333333
30/12/2019,22.95833333
31/12/2019,22.125
01/01/2020,22.25
02/01/2020,25.04166667
03/01/2020,27
04/01/2020,25.91666667
05/01/2020,25.29166667
06/01/2020,26.08333333
07/01/2020,23.20833333
08/01/2020,24.41666667
09/01/2020,26.58333333
10/01/2020,25.79166667
11/01/2020,26.125
12/01/2020,25.45833333
13/01/2020,25.95833333
14/01/2020,24.04166667
15/01/2020,24.29166667
16/01/2020,25.5
17/01/2020,26.79166667
18/01/2020,27.79166667
19/01/2020,26.54166667
20/01/2020,26
21/01/2020,25.54166667
22/01/2020,22.04166667
23/01/2020,21.5
24/01/2020,23.33333333
25/01/2020,23.41666667
26/01/2020,21.25
27/01/2020,20.70833333
28/01/2020,20.04166667
29/01/2020,20.79166667
30/01/2020,23.95833333
31/01/2020,25
01/02/2020,24.375
02/02/2020,24.16666667
03/02/2020,25
04/02/2020,25.45833333
05/02/2020,26.08333333
06/02/2020,25.20833333
07/02/2020,20.625
08/02/2020,20.45833333
09/02/2020,22.33333333
10/02/2020,24.08333333
11/02/2020,26.70833333
12/02/2020,26.41666667
13/02/2020,27.33333333
14/02/2020,27.20833333
15/02/2020,25.54166667
16/02/2020,26.58333333
17/02/2020,26.16666667
18/02/2020,27.58333333
19/02/2020,29.70833333
20/02/2020,29.66666667
21/02/2020,29.45833333
22/02/2020,29.91666667
23/02/2020,30.08333333
24/02/2020,29.58333333
25/02/2020,27.625
26/02/2020,25.58333333
27/02/2020,24.04166667
28/02/2020,26.125
29/02/2020,28.29166667
01/03/2020,28.5
02/03/2020,26.54166667
03/03/2020,25.5
04/03/2020,24.66666667
05/03/2020,24.375
06/03/2020,26.33333333
07/03/2020,28.70833333
08/03/2020,28.875
09/03/2020,29.75
10/03/2020,28.16666667
11/03/2020,28.33333333
12/03/2020,27.91666667
13/03/2020,28
14/03/2020,29.66666667
15/03/2020,31.125
16/03/2020,30.04166667
17/03/2020,30.25
18/03/2020,31.08333333
19/03/2020,30.125
20/03/2020,28.91666667
21/03/2020,29.58333333
22/03/2020,31.54166667
23/03/2020,33.08333333
24/03/2020,34.16666667
25/03/2020,33.79166667
26/03/2020,32.625
27/03/2020,32.625
28/03/2020,33.58333333
29/03/2020,33
30/03/2020,31.75
31/03/2020,31.45833333
01/04/2020,32.375
02/04/2020,32.70833333
03/04/2020,33.375
04/04/2020,31.25
05/04/2020,31.625
06/04/2020,32.20833333
07/04/2020,32.54166667
08/04/2020,31.70833333
09/04/2020,32.25
10/04/2020,33.54166667
11/04/2020,33.54166667
12/04/2020,34.16666667
13/04/2020,33.41666667
14/04/2020,31.54166667
15/04/2020,30.45833333
16/04/2020,28.875
17/04/2020,29.66666667
18/04/2020,31.66666667
19/04/2020,31.375
20/04/2020,30.54166667
21/04/2020,30.75
22/04/2020,34.54166667
23/04/2020,34.66666667
24/04/2020,34.125
25/04/2020,35.70833333
26/04/2020,36.08333333
27/04/2020,35.95833333
28/04/2020,32.66
29/04/2020,33.29
